ABRAMSON  G,KUPERMAN  M,1
ABRAMSON  G,MORELLI  L,2
KUPERMAN  M,ZANETTE  D,3
KUPERMAN  M,MORELLI  L,4
ACEBRON  J,BONILLA  L,5
ACEBRON  J,PEREZVICENTE  C,6
ACEBRON  J,RITORT  F,7
ACEBRON  J,SPIGLER  R,8
BONILLA  L,PEREZVICENTE  C,9
BONILLA  L,RITORT  F,10
BONILLA  L,SPIGLER  R,11
PEREZVICENTE  C,RITORT  F,12
PEREZVICENTE  C,SPIGLER  R,13
RITORT  F,SPIGLER  R,14
ADAMIC  L,ADAR  E,15
ADAMIC  L,HUBERMAN  B,16
ADAMIC  L,LUKOSE  R,17
ADAMIC  L,PUNIYANI  A,18
HUBERMAN  B,LUKOSE  R,19
HUBERMAN  B,PUNIYANI  A,20
HUBERMAN  B,TYLER  J,21
HUBERMAN  B,WILKINSON  D,22
HUBERMAN  B,WU  F,23
LUKOSE  R,PUNIYANI  A,24
AERTSEN  A,GERSTEIN  G,25
AERTSEN  A,HABIB  M,26
AERTSEN  A,PALM  G,27
AERTSEN  A,MEHRING  C,28
AERTSEN  A,HEHL  U,29
AERTSEN  A,KUBO  M,30
AERTSEN  A,DIESMANN  M,31
GERSTEIN  G,HABIB  M,32
GERSTEIN  G,PALM  G,33
HABIB  M,PALM  G,34
AFRAIMOVICH  V,VERICHEV  N,35
AFRAIMOVICH  V,RABINOVICH  M,36
VERICHEV  N,RABINOVICH  M,37
AHUJA  R,MAGNANTI  T,38
AHUJA  R,ORLIN  J,39
MAGNANTI  T,ORLIN  J,40
AIELLO  W,CHUNG  F,41
AIELLO  W,LU  L,42
CHUNG  F,LU  L,43
CHUNG  F,GALAS  D,44
CHUNG  F,DEWEY  T,45
CHUNG  F,VU  V,46
LU  L,GALAS  D,47
LU  L,DEWEY  T,48
LU  L,VU  V,49
ALBERICH  R,MIROJULIA  J,50
ALBERICH  R,ROSSELLO  F,51
MIROJULIA  J,ROSSELLO  F,52
ALBERT  R,ALBERT  I,53
ALBERT  R,NAKARADO  G,54
ALBERT  R,BARABASI  A,55
ALBERT  R,JEONG  H,56
ALBERT  R,OLTVAI  Z,57
ALBERT  R,BIANCONI  G,58
ALBERT  R,LATORA  V,59
ALBERT  R,CRUCITTI  P,60
ALBERT  R,TOMBOR  B,61
ALBERT  R,KINNEY  R,62
ALBERT  I,NAKARADO  G,63
BARABASI  A,JEONG  H,64
BARABASI  A,ALMAAS  E,65
BARABASI  A,KOVACS  B,66
BARABASI  A,VICSEK  T,67
BARABASI  A,OLTVAI  Z,68
BARABASI  A,BIANCONI  G,69
BARABASI  A,RAVASZ  E,70
BARABASI  A,NEDA  Z,71
BARABASI  A,SCHUBERT  A,72
BARABASI  A,BERLOW  E,73
BARABASI  A,COHEN  R,74
BARABASI  A,BENAVRAHAM  D,75
BARABASI  A,HAVLIN  S,76
BARABASI  A,DEMENEZES  M,77
BARABASI  A,DEZSO  Z,78
BARABASI  A,DOBRIN  R,79
BARABASI  A,BEG  Q,80
BARABASI  A,DUNNE  J,81
BARABASI  A,WILLIAMS  R,82
BARABASI  A,MARTINEZ  N,83
BARABASI  A,FARKAS  I,84
BARABASI  A,DERENYI  I,85
BARABASI  A,MASON  S,86
BARABASI  A,TOMBOR  B,87
BARABASI  A,MACDONALD  P,88
BARABASI  A,PODANI  J,89
BARABASI  A,SZATHMARY  E,90
BARABASI  A,SOMERA  A,91
BARABASI  A,MONGRU  D,92
BARABASI  A,SCHWARTZ  N,93
BARABASI  A,WUCHTY  S,94
BARABASI  A,YOOK  S,95
BARABASI  A,TU  Y,96
JEONG  H,VICSEK  T,97
JEONG  H,OLTVAI  Z,98
JEONG  H,BIANCONI  G,99
JEONG  H,RAVASZ  E,100
JEONG  H,NEDA  Z,101
JEONG  H,SCHUBERT  A,102
JEONG  H,FARKAS  I,103
JEONG  H,DERENYI  I,104
JEONG  H,GOH  K,105
JEONG  H,KAHNG  B,106
JEONG  H,KIM  D,107
JEONG  H,OH  E,108
JEONG  H,HOLME  P,109
JEONG  H,HUSS  M,110
JEONG  H,KIM  B,111
JEONG  H,YOON  C,112
JEONG  H,HAN  S,113
JEONG  H,MASON  S,114
JEONG  H,TOMBOR  B,115
JEONG  H,PARK  Y,116
JEONG  H,RHO  K,117
JEONG  H,PODANI  J,118
JEONG  H,SZATHMARY  E,119
JEONG  H,YOOK  S,120
JEONG  H,TU  Y,121
ALBERTS  B,BRAY  D,122
ALBERTS  B,LEWIS  J,123
ALBERTS  B,RAFF  M,124
ALBERTS  B,ROBERTS  K,125
ALBERTS  B,WATSON  J,126
BRAY  D,LEWIS  J,127
BRAY  D,RAFF  M,128
BRAY  D,ROBERTS  K,129
BRAY  D,WATSON  J,130
LEWIS  J,RAFF  M,131
LEWIS  J,ROBERTS  K,132
LEWIS  J,WATSON  J,133
RAFF  M,ROBERTS  K,134
RAFF  M,WATSON  J,135
ROBERTS  K,WATSON  J,136
ALDOUS  D,PITTEL  B,137
ALEKSIEJUK  A,HOLYST  J,138
ALEKSIEJUK  A,STAUFFER  D,139
HOLYST  J,STAUFFER  D,140
HOLYST  J,FRONCZAK  A,141
HOLYST  J,FRONCZAK  P,142
HOLYST  J,JEDYNAK  M,143
HOLYST  J,SIENKIEWICZ  J,144
STAUFFER  D,NEWMAN  M,145
STAUFFER  D,BERNARDES  A,146
STAUFFER  D,COSTA  U,147
STAUFFER  D,ARAUJO  A,148
STAUFFER  D,KERTESZ  J,149
STAUFFER  D,DAFONTOURACOSTA  L,150
STAUFFER  D,FORTUNATO  S,151
STAUFFER  D,AHARONY  A,152
STAUFFER  D,ADLER  J,153
STAUFFER  D,MEYERORTMANNS  H,154
ALLARIA  E,ARECCHI  F,155
ALLARIA  E,DIGARBO  A,156
ALLARIA  E,MEUCCI  R,157
ARECCHI  F,DIGARBO  A,158
ARECCHI  F,MEUCCI  R,159
ARECCHI  F,BOCCALETTI  S,160
ARECCHI  F,BRAGARD  J,161
ARECCHI  F,MANCINI  H,162
DIGARBO  A,MEUCCI  R,163
ALMAAS  E,KOVACS  B,164
ALMAAS  E,VICSEK  T,165
ALMAAS  E,OLTVAI  Z,166
ALMAAS  E,KRAPIVSKY  P,167
ALMAAS  E,REDNER  S,168
ALMAAS  E,KULKARNI  R,169
ALMAAS  E,STROUD  D,170
ALMAAS  E,MACDONALD  P,171
KOVACS  B,VICSEK  T,172
KOVACS  B,OLTVAI  Z,173
VICSEK  T,OLTVAI  Z,174
VICSEK  T,RAVASZ  E,175
VICSEK  T,NEDA  Z,176
VICSEK  T,SCHUBERT  A,177
VICSEK  T,FARKAS  I,178
VICSEK  T,DERENYI  I,179
VICSEK  T,MARODI  M,180
VICSEK  T,DOVIDIO  F,181
VICSEK  T,BENJACOB  E,182
VICSEK  T,CZIROK  A,183
VICSEK  T,COHEN  I,184
VICSEK  T,SHOCHET  O,185
OLTVAI  Z,RAVASZ  E,186
OLTVAI  Z,NEDA  Z,187
OLTVAI  Z,SCHUBERT  A,188
OLTVAI  Z,DOBRIN  R,189
OLTVAI  Z,BEG  Q,190
OLTVAI  Z,FARKAS  I,191
OLTVAI  Z,DERENYI  I,192
OLTVAI  Z,MASON  S,193
OLTVAI  Z,TOMBOR  B,194
OLTVAI  Z,PODANI  J,195
OLTVAI  Z,SZATHMARY  E,196
OLTVAI  Z,SOMERA  A,197
OLTVAI  Z,MONGRU  D,198
OLTVAI  Z,WUCHTY  S,199
OLTVAI  Z,YOOK  S,200
KRAPIVSKY  P,REDNER  S,201
KRAPIVSKY  P,ANTAL  T,202
KRAPIVSKY  P,BENNAIM  E,203
KRAPIVSKY  P,RODGERS  G,204
KRAPIVSKY  P,KAHNG  B,205
KRAPIVSKY  P,KIM  J,206
KRAPIVSKY  P,LEYVRAZ  F,207
KRAPIVSKY  P,VAZQUEZ  F,208
REDNER  S,BENNAIM  E,209
REDNER  S,RODGERS  G,210
REDNER  S,KAHNG  B,211
REDNER  S,KIM  J,212
REDNER  S,LEYVRAZ  F,213
REDNER  S,VAZQUEZ  F,214
KULKARNI  R,STROUD  D,215
KULKARNI  R,GORMAN  S,216
ALON  N,YUSTER  R,217
ALON  N,ZWICK  U,218
YUSTER  R,ZWICK  U,219
ALON  U,SURETTE  M,220
ALON  U,BARKAI  N,221
ALON  U,LEIBER  S,222
ALON  U,CHKLOVSKII  D,223
ALON  U,ITZKOVITZ  S,224
ALON  U,MILO  R,225
ALON  U,KASHTAN  N,226
ALON  U,ZIV  G,227
ALON  U,MANGAN  S,228
ALON  U,LEVITT  R,229
ALON  U,SHENORR  S,230
ALON  U,AYZENSHTAT  I,231
ALON  U,SHEFFER  M,232
ALON  U,ZASLAVER  A,233
ALON  U,MAYO  A,234
ALON  U,ROSENBERG  R,235
ALON  U,BASHKIN  P,236
ALON  U,SBERRO  H,237
ALON  U,TSALYUK  M,238
SURETTE  M,BARKAI  N,239
SURETTE  M,LEIBER  S,240
SURETTE  M,ZASLAVER  A,241
SURETTE  M,MAYO  A,242
SURETTE  M,ROSENBERG  R,243
SURETTE  M,BASHKIN  P,244
SURETTE  M,SBERRO  H,245
SURETTE  M,TSALYUK  M,246
BARKAI  N,LEIBER  S,247
BARKAI  N,IHMELS  J,248
BARKAI  N,FRIEDLANDER  G,249
BARKAI  N,BERGMANN  S,250
BARKAI  N,OFERSARIG  Y,251
ALTER  O,BROWN  P,252
ALTER  O,BOTSTEIN  D,253
BROWN  P,BOTSTEIN  D,254
AMARAL  L,SCALA  A,255
AMARAL  L,BARTHELEMY  M,256
AMARAL  L,STANLEY  H,257
AMARAL  L,GUIMERA  R,258
AMARAL  L,CAMACHO  J,259
AMARAL  L,MOSSA  S,260
AMARAL  L,TURTSCHI  A,261
AMARAL  L,EDLING  C,262
AMARAL  L,LILJEROS  F,263
AMARAL  L,ABERG  Y,264
AMARAL  L,MOREIRA  A,265
AMARAL  L,ANDRADE  J,266
SCALA  A,BARTHELEMY  M,267
SCALA  A,STANLEY  H,268
BARTHELEMY  M,STANLEY  H,269
BARTHELEMY  M,BARRAT  A,270
BARTHELEMY  M,PASTORSATORRAS  R,271
BARTHELEMY  M,VESPIGNANI  A,272
BARTHELEMY  M,GONDRAN  B,273
BARTHELEMY  M,GUICHARD  E,274
BARTHELEMY  M,MOSSA  S,275
BARTHELEMY  M,HERRMANN  C,276
BARTHELEMY  M,PROVERO  P,277
STANLEY  H,MANTEGNA  R,278
STANLEY  H,HERRMANN  H,279
STANLEY  H,MOSSA  S,280
STANLEY  H,HONG  D,281
STANLEY  H,EDLING  C,282
STANLEY  H,LILJEROS  F,283
STANLEY  H,ABERG  Y,284
AMENGUAL  A,HERNANDEZGARCIA  E,285
AMENGUAL  A,MONTAGNE  R,286
AMENGUAL  A,SANMIGUEL  M,287
HERNANDEZGARCIA  E,MONTAGNE  R,288
HERNANDEZGARCIA  E,SANMIGUEL  M,289
MONTAGNE  R,SANMIGUEL  M,290
SANMIGUEL  M,EGUILUZ  V,291
SANMIGUEL  M,SUCHECKI  K,292
SANMIGUEL  M,ZIMMERMANN  M,293
ANCELMEYERS  L,NEWMAN  M,294
ANCELMEYERS  L,MARTIN  M,295
ANCELMEYERS  L,SCHRAG  S,296
NEWMAN  M,MARTIN  M,297
NEWMAN  M,SCHRAG  S,298
NEWMAN  M,SNEPPEN  K,299
NEWMAN  M,SOLE  R,300
NEWMAN  M,CALLAWAY  D,301
NEWMAN  M,HOPCROFT  J,302
NEWMAN  M,KLEINBERG  J,303
NEWMAN  M,STROGATZ  S,304
NEWMAN  M,WATTS  D,305
NEWMAN  M,CLAUSET  A,306
NEWMAN  M,MOORE  C,307
NEWMAN  M,DODDS  P,308
NEWMAN  M,GASTNER  M,309
NEWMAN  M,GIRVAN  M,310
NEWMAN  M,HOLME  P,311
NEWMAN  M,GHOSHAL  G,312
NEWMAN  M,JIN  E,313
NEWMAN  M,LUSSEAU  D,314
NEWMAN  M,FORREST  S,315
NEWMAN  M,BALTHROP  J,316
NEWMAN  M,LEICHT  E,317
NEWMAN  M,PARK  J,318
NEWMAN  M,PORTER  M,319
NEWMAN  M,MUCHA  P,320
NEWMAN  M,WARMBRAND  C,321
MARTIN  M,SCHRAG  S,322
ANDERSON  C,WASSERMAN  S,323
ANDERSON  C,CROUCH  B,324
WASSERMAN  S,CROUCH  B,325
WASSERMAN  S,FAUST  K,326
WASSERMAN  S,PATTISON  P,327
ANDERSON  P,ARROW  K,328
ANDERSON  P,PINES  D,329
ARROW  K,PINES  D,330
ANDERSON  R,MAY  R,331
ANDERSON  R,GUPTA  S,332
MAY  R,GUPTA  S,333
MAY  R,NOWAK  M,334
MAY  R,LLOYD  A,335
APIC  G,GOUGH  J,336
APIC  G,TEICHMANN  S,337
GOUGH  J,TEICHMANN  S,338
ARENAS  A,CABRALES  A,339
ARENAS  A,DIAZGUILERA  A,340
ARENAS  A,GUIMERA  R,341
ARENAS  A,VEGAREDONDO  F,342
ARENAS  A,DANON  L,343
ARENAS  A,GLEISER  P,344
ARENAS  A,PASTORSATORRAS  R,345
ARENAS  A,BOGUNA  M,346
ARENAS  A,GIRALT  F,347
CABRALES  A,DIAZGUILERA  A,348
CABRALES  A,GUIMERA  R,349
CABRALES  A,VEGAREDONDO  F,350
DIAZGUILERA  A,GUIMERA  R,351
DIAZGUILERA  A,VEGAREDONDO  F,352
DIAZGUILERA  A,DANON  L,353
DIAZGUILERA  A,GLEISER  P,354
DIAZGUILERA  A,PASTORSATORRAS  R,355
DIAZGUILERA  A,BOGUNA  M,356
DIAZGUILERA  A,GUARDIOLA  X,357
DIAZGUILERA  A,LLAS  M,358
DIAZGUILERA  A,PEREZ  C,359
DIAZGUILERA  A,GIRALT  F,360
DIAZGUILERA  A,RUBI  M,361
DIAZGUILERA  A,VRAGOVIC  I,362
DIAZGUILERA  A,LOUIS  E,363
GUIMERA  R,VEGAREDONDO  F,364
GUIMERA  R,DANON  L,365
GUIMERA  R,GLEISER  P,366
GUIMERA  R,CAMACHO  J,367
GUIMERA  R,GIRALT  F,368
GUIMERA  R,MOSSA  S,369
GUIMERA  R,TURTSCHI  A,370
DANON  L,GLEISER  P,371
DANON  L,GIRALT  F,372
ASHWIN  P,BUESCU  J,373
ASHWIN  P,STEWART  I,374
BUESCU  J,STEWART  I,375
ATAY  F,JOST  J,376
ATAY  F,WENDE  A,377
JOST  J,WENDE  A,378
JOST  J,JOY  M,379
AUMANN  R,HART  S,380
BADER  G,HOGUE  C,381
BAIESI  M,PACZUSKI  M,382
PACZUSKI  M,BASSLER  K,383
PACZUSKI  M,CORRAL  A,384
BAIRD  D,ULANOWICZ  R,385
ULANOWICZ  R,KRAUSE  A,386
ULANOWICZ  R,FRANK  K,387
ULANOWICZ  R,MASON  D,388
ULANOWICZ  R,TAYLOR  W,389
BAKER  W,FAULKNER  R,390
BAKER  W,DAVIS  G,391
BAKER  W,YOO  M,392
BAK  P,SNEPPEN  K,393
SNEPPEN  K,ERIKSEN  K,394
SNEPPEN  K,SIMONSEN  I,395
SNEPPEN  K,MASLOV  S,396
SNEPPEN  K,TRUSINA  A,397
SNEPPEN  K,MINNHAGEN  P,398
SNEPPEN  K,ZALIZNYAK  A,399
SNEPPEN  K,ROSVALL  M,400
BALL  F,MOLLISON  D,401
BALL  F,SCALIATOMBA  G,402
MOLLISON  D,SCALIATOMBA  G,403
BANAVAR  J,MARITAN  A,404
BANAVAR  J,RINALDO  A,405
BANAVAR  J,HOLTER  N,406
BANAVAR  J,MITRA  M,407
BANAVAR  J,CIEPLAK  M,408
BANAVAR  J,FEDROFF  N,409
MARITAN  A,RINALDO  A,410
MARITAN  A,VESPIGNANI  A,411
MARITAN  A,VAZQUEZ  A,412
MARITAN  A,HOLTER  N,413
MARITAN  A,MITRA  M,414
MARITAN  A,CIEPLAK  M,415
MARITAN  A,FEDROFF  N,416
MARITAN  A,RIGON  R,417
MARITAN  A,GIACOMETTI  A,418
MARITAN  A,RODRIGUEZITURBE  I,419
MARITAN  A,FLAMMINI  A,420
RINALDO  A,RIGON  R,421
RINALDO  A,GIACOMETTI  A,422
RINALDO  A,RODRIGUEZITURBE  I,423
BANKS  D,CARLEY  K,424
BIANCONI  G,CAPOCCI  A,425
RAVASZ  E,NEDA  Z,426
RAVASZ  E,SCHUBERT  A,427
RAVASZ  E,FARKAS  I,428
RAVASZ  E,DERENYI  I,429
RAVASZ  E,SOMERA  A,430
RAVASZ  E,MONGRU  D,431
NEDA  Z,SCHUBERT  A,432
NEDA  Z,FARKAS  I,433
NEDA  Z,DERENYI  I,434
SCHUBERT  A,FARKAS  I,435
SCHUBERT  A,DERENYI  I,436
BARAHONA  M,PECORA  L,437
PECORA  L,BOCCALETTI  S,438
PECORA  L,PELAEZ  A,439
PECORA  L,FINK  K,440
PECORA  L,JOHNSON  G,441
PECORA  L,CARROLL  T,442
PECORA  L,HEAGY  J,443
BARBOUR  A,REINERT  G,444
BARJOSEPH  Z,GERBER  G,445
BARJOSEPH  Z,LEE  T,446
BARJOSEPH  Z,RINALDI  N,447
BARJOSEPH  Z,YOO  J,448
BARJOSEPH  Z,ROBERT  F,449
BARJOSEPH  Z,GORDON  D,450
BARJOSEPH  Z,FRAENKEL  E,451
BARJOSEPH  Z,JAAKKOLA  T,452
BARJOSEPH  Z,YOUNG  R,453
GERBER  G,LEE  T,454
GERBER  G,RINALDI  N,455
GERBER  G,YOO  J,456
GERBER  G,ROBERT  F,457
GERBER  G,GORDON  D,458
GERBER  G,FRAENKEL  E,459
GERBER  G,JAAKKOLA  T,460
GERBER  G,YOUNG  R,461
LEE  T,RINALDI  N,462
LEE  T,YOO  J,463
LEE  T,ROBERT  F,464
LEE  T,GORDON  D,465
LEE  T,FRAENKEL  E,466
LEE  T,JAAKKOLA  T,467
LEE  T,YOUNG  R,468
RINALDI  N,YOO  J,469
RINALDI  N,ROBERT  F,470
RINALDI  N,GORDON  D,471
RINALDI  N,FRAENKEL  E,472
RINALDI  N,JAAKKOLA  T,473
RINALDI  N,YOUNG  R,474
YOO  J,ROBERT  F,475
YOO  J,GORDON  D,476
YOO  J,FRAENKEL  E,477
YOO  J,JAAKKOLA  T,478
YOO  J,YOUNG  R,479
ROBERT  F,GORDON  D,480
ROBERT  F,FRAENKEL  E,481
ROBERT  F,JAAKKOLA  T,482
ROBERT  F,YOUNG  R,483
GORDON  D,FRAENKEL  E,484
GORDON  D,JAAKKOLA  T,485
GORDON  D,YOUNG  R,486
FRAENKEL  E,JAAKKOLA  T,487
FRAENKEL  E,YOUNG  R,488
JAAKKOLA  T,YOUNG  R,489
BARRAT  A,PASTORSATORRAS  R,490
BARRAT  A,VESPIGNANI  A,491
BARRAT  A,WEIGT  M,492
PASTORSATORRAS  R,VESPIGNANI  A,493
PASTORSATORRAS  R,BOGUNA  M,494
PASTORSATORRAS  R,SOLE  R,495
PASTORSATORRAS  R,CALDARELLI  G,496
PASTORSATORRAS  R,DOROGOVTSEV  S,497
PASTORSATORRAS  R,MORENO  Y,498
PASTORSATORRAS  R,VAZQUEZ  A,499
PASTORSATORRAS  R,RUBI  M,500
PASTORSATORRAS  R,SMITH  E,501
PASTORSATORRAS  R,RAMASCO  J,502
PASTORSATORRAS  R,KEPLER  T,503
VESPIGNANI  A,BOGUNA  M,504
VESPIGNANI  A,CALDARELLI  G,505
VESPIGNANI  A,CASTELLANO  C,506
VESPIGNANI  A,VILONE  D,507
VESPIGNANI  A,MORENO  Y,508
VESPIGNANI  A,VAZQUEZ  A,509
VESPIGNANI  A,LEONE  M,510
VESPIGNANI  A,ZECCHINA  R,511
VESPIGNANI  A,NEKOVEE  M,512
VESPIGNANI  A,FLAMMINI  A,513
WEIGT  M,VAZQUEZ  A,514
BARRETO  E,SO  P,515
BARRETO  E,GLUCKMANN  B,516
BARRETO  E,SCHIFF  S,517
SO  P,GLUCKMANN  B,518
SO  P,SCHIFF  S,519
GLUCKMANN  B,SCHIFF  S,520
GONDRAN  B,GUICHARD  E,521
BATAGELJ  V,MRVAR  A,522
BATTISTON  S,CATANZARO  M,523
BATTISTON  S,CALDARELLI  G,524
BATTISTON  S,SERVEDIO  V,525
BATTISTON  S,GARLASCHELLI  D,526
BATTISTON  S,CASTRI  M,527
BATTY  M,LONGLEY  P,528
BAUER  M,BERNARD  D,529
BAUER  M,COULUMB  S,530
BCHKLOVSKII  D,SCHIKORSKI  T,531
BCHKLOVSKII  D,STEVENS  C,532
SCHIKORSKI  T,STEVENS  C,533
STEVENS  C,KLYACHKO  V,534
BEARMAN  P,MOODY  J,535
BEARMAN  P,STOVEL  K,536
MOODY  J,STOVEL  K,537
BEKESSY  A,BEKESSY  P,538
BEKESSY  A,KOMLOS  J,539
BEKESSY  P,KOMLOS  J,540
KOMLOS  J,PATURI  R,541
BELYKH  I,BELYKH  V,542
BELYKH  I,HASLER  M,543
BELYKH  V,HASLER  M,544
BENDER  E,CANFIELD  E,545
BENNAIM  E,FRAUENFELDER  H,546
BENNAIM  E,TOROCZKAI  Z,547
FRAUENFELDER  H,TOROCZKAI  Z,548
TOROCZKAI  Z,BASSLER  K,549
TOROCZKAI  Z,KOZMA  B,550
TOROCZKAI  Z,HENGARTNER  N,551
TOROCZKAI  Z,KORNISS  G,552
BERG  J,LASSIG  M,553
BERG  J,WAGNER  A,554
LASSIG  M,WAGNER  A,555
WAGNER  A,FELL  D,556
WAGNER  A,GLEISS  P,557
WAGNER  A,STADLER  P,558
BERLOW  E,DUNNE  J,559
BERLOW  E,WILLIAMS  R,560
BERLOW  E,MARTINEZ  N,561
BERNARDES  A,COSTA  U,562
BERNARDES  A,ARAUJO  A,563
BERNARDES  A,KERTESZ  J,564
COSTA  U,ARAUJO  A,565
KERTESZ  J,LAHTINEN  J,566
KERTESZ  J,KASKI  K,567
KERTESZ  J,ONNELA  J,568
KERTESZ  J,CHAKRABORTI  A,569
KERTESZ  J,KANTO  A,570
KERTESZ  J,JARISARAMAKI  J,571
KERTESZ  J,SZABO  G,572
KERTESZ  J,ALAVA  M,573
BERNARD  H,KILLWORTH  P,574
BERNARD  H,EVANS  M,575
BERNARD  H,MCCARTY  C,576
BERNARD  H,SHELLEY  G,577
KILLWORTH  P,EVANS  M,578
KILLWORTH  P,MCCARTY  C,579
KILLWORTH  P,SHELLEY  G,580
EVANS  M,MCCARTY  C,581
EVANS  M,SHELLEY  G,582
MCCARTY  C,SHELLEY  G,583
BHAN  A,GALAS  D,584
BHAN  A,DEWEY  T,585
GALAS  D,DEWEY  T,586
CAPOCCI  A,CALDARELLI  G,587
CAPOCCI  A,DELOSRIOS  P,588
CAPOCCI  A,MUNOZ  M,589
CAPOCCI  A,SERVEDIO  V,590
CAPOCCI  A,COLAIORI  F,591
BILKE  S,PETERSON  C,592
BLANCHARD  P,CHANG  C,593
BLANCHARD  P,KRUGER  T,594
BLANCHARD  P,VOLCHENKOV  D,595
BLANCHARD  P,VOLCHENKOVA  L,596
CHANG  C,KRUGER  T,597
BLASIUS  B,HUPPERT  A,598
BLASIUS  B,STONE  L,599
HUPPERT  A,STONE  L,600
BLOWER  S,SAMUEL  M,601
BLOWER  S,WILEY  J,602
SAMUEL  M,WILEY  J,603
BOCCALETTI  S,BRAGARD  J,604
BOCCALETTI  S,MANCINI  H,605
BOCCALETTI  S,KURTHS  J,606
BOCCALETTI  S,VALLADARES  D,607
BOCCALETTI  S,OSIPOV  G,608
BOCCALETTI  S,ZHOU  C,609
BOCCALETTI  S,PELAEZ  A,610
BOCCALETTI  S,MAZA  D,611
BOCCALETTI  S,MENDOZA  C,612
BOCCALETTI  S,HENTSCHEL  H,613
BOCCALETTI  S,CHAVEZ  M,614
BOCCALETTI  S,HWANG  D,615
BOCCALETTI  S,AMANN  A,616
BOCCALETTI  S,MORENO  Y,617
BOCCALETTI  S,LOPEZRUIZ  R,618
BOCCALETTI  S,VALLONE  A,619
BOCCALETTI  S,VANNUCCHI  F,620
BRAGARD  J,MANCINI  H,621
BRAGARD  J,MENDOZA  C,622
BRAGARD  J,HENTSCHEL  H,623
MANCINI  H,KURTHS  J,624
MANCINI  H,VALLADARES  D,625
MANCINI  H,MAZA  D,626
MANCINI  H,MENDOZA  C,627
MANCINI  H,HENTSCHEL  H,628
MANCINI  H,VALLONE  A,629
KURTHS  J,VALLADARES  D,630
KURTHS  J,OSIPOV  G,631
KURTHS  J,ZHOU  C,632
KURTHS  J,MAZA  D,633
KURTHS  J,PIKOVSKY  A,634
KURTHS  J,MOTTER  A,635
KURTHS  J,SCHNITZLER  A,636
KURTHS  J,ROSENBLUM  M,637
KURTHS  J,SCHAFER  C,638
KURTHS  J,ABEL  H,639
KURTHS  J,TASS  P,640
KURTHS  J,WEULE  M,641
KURTHS  J,VOLKMANN  J,642
KURTHS  J,FREUND  H,643
KURTHS  J,ZAKS  M,644
KURTHS  J,PARK  E,645
VALLADARES  D,OSIPOV  G,646
VALLADARES  D,ZHOU  C,647
VALLADARES  D,MAZA  D,648
OSIPOV  G,ZHOU  C,649
OSIPOV  G,PIKOVSKY  A,650
OSIPOV  G,ROSENBLUM  M,651
ZHOU  C,MOTTER  A,652
MAZA  D,VALLONE  A,653
BOGUNA  M,MORENO  Y,654
BOGUNA  M,VAZQUEZ  A,655
BOHLAND  J,MINAI  A,656
MINAI  A,LEVY  W,657
BOLLOBAS  B,RIORDAN  O,658
BOLLOBAS  B,SPENCER  J,659
BOLLOBAS  B,TUSNADY  G,660
RIORDAN  O,SPENCER  J,661
RIORDAN  O,TUSNADY  G,662
SPENCER  J,TUSNADY  G,663
BONANNO  G,LILLO  F,664
BONANNO  G,MANTEGNA  R,665
LILLO  F,MANTEGNA  R,666
BORDENS  M,GOMEZ  I,667
BORGATTI  S,EVERETT  M,668
BORGATTI  S,FOSTER  P,669
BORGATTI  S,WEEKS  M,670
BORGATTI  S,CLAIR  S,671
BORGATTI  S,RADDA  K,672
BORGATTI  S,SCHENSUL  J,673
BORGERS  C,KOPELL  N,674
KOPELL  N,ERMENTROUT  B,675
KOPELL  N,WHITTINGTON  M,676
KOPELL  N,TRAUB  R,677
KOPELL  N,BUHL  E,678
BORNHOLDT  S,EBEL  H,679
BORNHOLDT  S,ROHLF  T,680
BORNHOLDT  S,SCHUSTER  H,681
BORNHOLDT  S,DAVIDSEN  J,682
BORNHOLDT  S,MIELSCH  L,683
BORNHOLDT  S,REICHARDT  J,684
EBEL  H,DAVIDSEN  J,685
EBEL  H,MIELSCH  L,686
SCHUSTER  H,KOCH  C,687
SCHUSTER  H,NIEBUR  E,688
SCHUSTER  H,KAMMEN  D,689
BOTA  M,DONG  H,690
BOTA  M,SWANSON  L,691
DONG  H,SWANSON  L,692
MENDOZA  C,HENTSCHEL  H,693
HENTSCHEL  H,CHAVEZ  M,694
HENTSCHEL  H,HWANG  D,695
HENTSCHEL  H,AMANN  A,696
BREIGER  R,BOORMAN  S,697
BREIGER  R,ARABIE  P,698
BREIGER  R,WHITE  H,699
BOORMAN  S,ARABIE  P,700
BOORMAN  S,WHITE  H,701
BRIN  S,PAGE  L,702
BRIN  S,MOTWANI  R,703
BRIN  S,WINOGRAD  T,704
PAGE  L,MOTWANI  R,705
PAGE  L,WINOGRAD  T,706
BROADBENT  S,HAMMERSLEY  J,707
BRODER  A,KUMAR  R,708
BRODER  A,MAGHOUL  F,709
BRODER  A,RAGHAVAN  P,710
BRODER  A,RAJAGOPALAN  S,711
BRODER  A,STATA  R,712
BRODER  A,TOMKINS  A,713
BRODER  A,WIENER  J,714
KUMAR  R,MAGHOUL  F,715
KUMAR  R,RAGHAVAN  P,716
KUMAR  R,RAJAGOPALAN  S,717
KUMAR  R,STATA  R,718
KUMAR  R,TOMKINS  A,719
KUMAR  R,WIENER  J,720
KUMAR  R,SIVAKUMAR  D,721
KUMAR  R,UPFAL  E,722
MAGHOUL  F,RAGHAVAN  P,723
MAGHOUL  F,RAJAGOPALAN  S,724
MAGHOUL  F,STATA  R,725
MAGHOUL  F,TOMKINS  A,726
MAGHOUL  F,WIENER  J,727
RAGHAVAN  P,RAJAGOPALAN  S,728
RAGHAVAN  P,STATA  R,729
RAGHAVAN  P,TOMKINS  A,730
RAGHAVAN  P,WIENER  J,731
RAGHAVAN  P,KLEINBERG  J,732
RAGHAVAN  P,KUMAR  S,733
RAGHAVAN  P,SIVAKUMAR  D,734
RAGHAVAN  P,UPFAL  E,735
RAJAGOPALAN  S,STATA  R,736
RAJAGOPALAN  S,TOMKINS  A,737
RAJAGOPALAN  S,WIENER  J,738
RAJAGOPALAN  S,KLEINBERG  J,739
RAJAGOPALAN  S,KUMAR  S,740
RAJAGOPALAN  S,SIVAKUMAR  D,741
RAJAGOPALAN  S,UPFAL  E,742
STATA  R,TOMKINS  A,743
STATA  R,WIENER  J,744
TOMKINS  A,WIENER  J,745
TOMKINS  A,KLEINBERG  J,746
TOMKINS  A,KUMAR  S,747
TOMKINS  A,SIVAKUMAR  D,748
TOMKINS  A,UPFAL  E,749
BROIDA  A,CLAFFY  K,750
BUCHEL  C,COULL  J,751
BUCHEL  C,FRISTON  K,752
COULL  J,FRISTON  K,753
FRISTON  K,FRITH  C,754
FRISTON  K,LIDDLE  P,755
FRISTON  K,FRACKOWIAK  R,756
BUCOLO  M,FORTUNA  L,757
BUCOLO  M,LAROSA  M,758
FORTUNA  L,LAROSA  M,759
FORTUNA  L,COSENZA  S,760
FORTUNA  L,CRUCITTI  P,761
FORTUNA  L,FRASCA  M,762
FORTUNA  L,STAGNI  C,763
FORTUNA  L,USAI  L,764
FORTUNA  L,SPATA  A,765
LAROSA  M,COSENZA  S,766
LAROSA  M,CRUCITTI  P,767
LAROSA  M,FRASCA  M,768
LAROSA  M,STAGNI  C,769
LAROSA  M,USAI  L,770
LAROSA  M,SPATA  A,771
BUHL  J,GAUTRAIS  J,772
BUHL  J,SOLE  R,773
BUHL  J,KUNTZ  P,774
BUHL  J,VALVERDE  S,775
BUHL  J,DENEUBOURG  J,776
BUHL  J,THERAULAZ  G,777
GAUTRAIS  J,SOLE  R,778
GAUTRAIS  J,KUNTZ  P,779
GAUTRAIS  J,VALVERDE  S,780
GAUTRAIS  J,DENEUBOURG  J,781
GAUTRAIS  J,THERAULAZ  G,782
SOLE  R,KUNTZ  P,783
SOLE  R,VALVERDE  S,784
SOLE  R,DENEUBOURG  J,785
SOLE  R,THERAULAZ  G,786
SOLE  R,FERRERICANCHO  R,787
SOLE  R,JANSSEN  C,788
SOLE  R,KOHLER  R,789
SOLE  R,MONTOYA  J,790
SOLE  R,SMITH  E,791
SOLE  R,KEPLER  T,792
SOLE  R,SALAZARCIUDAD  I,793
SOLE  R,GARCIAFERNANDEZ  J,794
SOLE  R,CANCHO  R,795
KUNTZ  P,VALVERDE  S,796
KUNTZ  P,DENEUBOURG  J,797
KUNTZ  P,THERAULAZ  G,798
KUNTZ  P,DEFRAYSSEIX  H,799
VALVERDE  S,DENEUBOURG  J,800
VALVERDE  S,THERAULAZ  G,801
VALVERDE  S,FERRERICANCHO  R,802
VALVERDE  S,CANCHO  R,803
DENEUBOURG  J,THERAULAZ  G,804
BURDA  Z,CORREIA  J,805
BURDA  Z,KRZYWICKI  A,806
BURDA  Z,JURKIEWICZ  J,807
CORREIA  J,KRZYWICKI  A,808
KRZYWICKI  A,JURKIEWICZ  J,809
BURIONI  R,CASSI  D,810
BURIONI  R,VEZZANI  A,811
CASSI  D,VEZZANI  A,812
BURNS  G,YOUNG  M,813
BURNS  G,HILGETAG  C,814
BURNS  G,ONEILL  M,815
BURNS  G,SCANNELL  J,816
BURNS  G,KOTTER  R,817
BURNS  G,STEPHAN  K,818
BURNS  G,BLACKMORE  C,819
BURNS  G,KAMPER  L,820
BURNS  G,BOZKURT  A,821
YOUNG  M,HILGETAG  C,822
YOUNG  M,ONEILL  M,823
YOUNG  M,SCANNELL  J,824
YOUNG  M,KAISER  M,825
YOUNG  M,JOUVE  B,826
YOUNG  M,KOTTER  R,827
YOUNG  M,STEPHAN  K,828
YOUNG  M,MARTIN  R,829
YOUNG  M,ANDRAS  P,830
YOUNG  M,BLACKMORE  C,831
YOUNG  M,KAMPER  L,832
YOUNG  M,BOZKURT  A,833
YOUNG  M,VEZOLI  J,834
YOUNG  M,FALCHIER  A,835
YOUNG  M,KNOBLAUCH  K,836
YOUNG  M,KENNEDY  H,837
YOUNG  M,SAGER  J,838
YOUNG  M,CSARDI  G,839
YOUNG  M,HAGA  P,840
BUZSAKI  G,CHROBAK  J,841
BUZSAKI  G,GEISLER  C,842
BUZSAKI  G,HENZE  D,843
BUZSAKI  G,WANG  X,844
GEISLER  C,HENZE  D,845
GEISLER  C,WANG  X,846
HENZE  D,WANG  X,847
WANG  X,CHEN  G,848
WANG  X,XU  J,849
CALDARELLI  G,DELOSRIOS  P,850
CALDARELLI  G,MUNOZ  M,851
CALDARELLI  G,COCCETTI  F,852
CALDARELLI  G,SERVEDIO  V,853
CALDARELLI  G,COLAIORI  F,854
CALDARELLI  G,PIETRONERO  L,855
CALDARELLI  G,GARLASCHELLI  D,856
CALDARELLI  G,CASTRI  M,857
DELOSRIOS  P,MUNOZ  M,858
DELOSRIOS  P,COCCETTI  F,859
DELOSRIOS  P,PETERMANNN  T,860
MUNOZ  M,DONETTI  L,861
MUNOZ  M,MARRO  J,862
MUNOZ  M,TORRES  J,863
MUNOZ  M,GARRIDO  P,864
CALLAWAY  D,HOPCROFT  J,865
CALLAWAY  D,KLEINBERG  J,866
CALLAWAY  D,STROGATZ  S,867
CALLAWAY  D,WATTS  D,868
HOPCROFT  J,KLEINBERG  J,869
HOPCROFT  J,STROGATZ  S,870
KLEINBERG  J,STROGATZ  S,871
KLEINBERG  J,LAWRENCE  S,872
KLEINBERG  J,KUMAR  S,873
STROGATZ  S,WATTS  D,874
STROGATZ  S,MATTHEWS  P,875
STROGATZ  S,MIROLLO  R,876
STROGATZ  S,YEUNG  M,877
WATTS  D,MOORE  C,878
WATTS  D,DODDS  P,879
WATTS  D,MUHAMAD  R,880
WATTS  D,SABEL  C,881
CAMPBELL  N,REECE  J,882
CAMPBELL  S,WANG  D,883
CAMPBELL  S,JAYAPRAKASH  C,884
WANG  D,JAYAPRAKASH  C,885
WANG  D,TERMAN  D,886
SERVEDIO  V,COLAIORI  F,887
SERVEDIO  V,GARLASCHELLI  D,888
SERVEDIO  V,CASTRI  M,889
CARLSON  J,DOYLE  J,890
DOYLE  J,CSETE  M,891
CARRERAS  B,LYNCH  V,892
CARRERAS  B,DOBSON  I,893
CARRERAS  B,NEWMAN  D,894
CARRERAS  B,DOLROU  I,895
CARRERAS  B,POOLE  A,896
CARRERAS  B,SACHTJEN  M,897
LYNCH  V,DOBSON  I,898
LYNCH  V,NEWMAN  D,899
LYNCH  V,SACHTJEN  M,900
DOBSON  I,NEWMAN  D,901
NEWMAN  D,DOLROU  I,902
NEWMAN  D,POOLE  A,903
DOLROU  I,POOLE  A,904
CARUSO  F,LATORA  V,905
CARUSO  F,RAPISARDA  A,906
CARUSO  F,TADIC  B,907
LATORA  V,RAPISARDA  A,908
LATORA  V,TADIC  B,909
LATORA  V,CRUCITTI  P,910
LATORA  V,MARCHIORI  M,911
LATORA  V,PORTA  S,912
LATORA  V,FORTUNATO  S,913
LATORA  V,KINNEY  R,914
LATORA  V,PLUCHINO  A,915
LATORA  V,TIERI  P,916
LATORA  V,VALENSIN  S,917
LATORA  V,CASTELLANI  G,918
LATORA  V,REMONDINI  D,919
LATORA  V,FRANCESCHI  C,920
RAPISARDA  A,TADIC  B,921
RAPISARDA  A,CRUCITTI  P,922
RAPISARDA  A,MARCHIORI  M,923
RAPISARDA  A,PLUCHINO  A,924
TADIC  B,RODGERS  G,925
TADIC  B,THURNER  S,926
CASTELLANO  C,VILONE  D,927
CASTELLANO  C,RADICCHI  F,928
CASTELLANO  C,CECCONI  F,929
CASTELLANO  C,LORETO  V,930
CASTELLANO  C,PARISI  D,931
CATANIA  J,COATES  T,932
CATANIA  J,KEGELS  S,933
CATANIA  J,FULLILOVE  M,934
COATES  T,KEGELS  S,935
COATES  T,FULLILOVE  M,936
KEGELS  S,FULLILOVE  M,937
CHALLET  D,ZHANG  Y,938
ZHANG  Y,HU  G,939
ZHANG  Y,CERDEIRA  H,940
ZHANG  Y,CHEN  S,941
ZHANG  Y,BRAUN  T,942
ZHANG  Y,YAO  Y,943
CHAN  D,HUGHES  B,944
CHAN  D,LEONG  A,945
CHAN  D,REED  W,946
HUGHES  B,LEONG  A,947
HUGHES  B,REED  W,948
LEONG  A,REED  W,949
CHATE  H,PIKOVSKY  A,950
CHATE  H,RUDZICK  O,951
CHATE  H,GREGOIRE  G,952
PIKOVSKY  A,RUDZICK  O,953
PIKOVSKY  A,SCHNITZLER  A,954
PIKOVSKY  A,ROSENBLUM  M,955
PIKOVSKY  A,TASS  P,956
PIKOVSKY  A,WEULE  M,957
PIKOVSKY  A,VOLKMANN  J,958
PIKOVSKY  A,FREUND  H,959
CHAVEZ  M,HWANG  D,960
CHAVEZ  M,AMANN  A,961
HWANG  D,AMANN  A,962
HWANG  D,MORENO  Y,963
HWANG  D,LOPEZRUIZ  R,964
CHEN  Q,CHANG  H,965
CHEN  Q,GOVINDAN  R,966
CHEN  Q,JAMIN  S,967
CHEN  Q,SHENKER  S,968
CHEN  Q,WILLINGER  W,969
CHANG  H,GOVINDAN  R,970
CHANG  H,JAMIN  S,971
CHANG  H,SHENKER  S,972
CHANG  H,WILLINGER  W,973
GOVINDAN  R,JAMIN  S,974
GOVINDAN  R,SHENKER  S,975
GOVINDAN  R,WILLINGER  W,976
GOVINDAN  R,TANGMUNARUNKIT  H,977
JAMIN  S,SHENKER  S,978
JAMIN  S,WILLINGER  W,979
SHENKER  S,WILLINGER  W,980
CHEN  Y,RANGARAJAN  G,981
CHEN  Y,DING  M,982
RANGARAJAN  G,DING  M,983
CHERNIAK  C,CHANGIZI  M,984
CHERNIAK  C,KANG  D,985
CHERNIAK  C,MOKHTARZADA  Z,986
CHERNIAK  C,RODRIGUEZESTEBAN  R,987
CHANGIZI  M,KANG  D,988
CHANGIZI  M,MOKHTARZADA  Z,989
CHANGIZI  M,RODRIGUEZESTEBAN  R,990
MOKHTARZADA  Z,RODRIGUEZESTEBAN  R,991
CHKLOVSKII  D,KOULAKOV  A,992
CHKLOVSKII  D,MEL  B,993
CHKLOVSKII  D,SVOBODA  K,994
CHKLOVSKII  D,ITZKOVITZ  S,995
CHKLOVSKII  D,MILO  R,996
CHKLOVSKII  D,KASHTAN  N,997
CHKLOVSKII  D,SHENORR  S,998
CHKLOVSKII  D,SONG  S,999
CHKLOVSKII  D,SJOSTROM  P,1000
CHKLOVSKII  D,REIGL  M,1001
CHKLOVSKII  D,NELSON  S,1002
MEL  B,SVOBODA  K,1003
CHOWELL  G,HYMAN  J,1004
CHOWELL  G,EUBANK  S,1005
HYMAN  J,EUBANK  S,1006
CLAUSET  A,MOORE  C,1007
MOORE  C,GHOSHAL  G,1008
MOORE  C,KALAPALA  V,1009
MOORE  C,SANWALANI  V,1010
COHEN  J,BRIAND  F,1011
COHEN  J,NEWMAN  C,1012
BRIAND  F,NEWMAN  C,1013
COHEN  R,BENAVRAHAM  D,1014
COHEN  R,HAVLIN  S,1015
COHEN  R,EREZ  K,1016
COHEN  R,ROZENFELD  A,1017
COHEN  R,SCHWARTZ  N,1018
BENAVRAHAM  D,HAVLIN  S,1019
BENAVRAHAM  D,EREZ  K,1020
BENAVRAHAM  D,ROZENFELD  A,1021
BENAVRAHAM  D,SCHWARTZ  N,1022
HAVLIN  S,EREZ  K,1023
HAVLIN  S,ROZENFELD  A,1024
HAVLIN  S,SCHWARTZ  N,1025
HAVLIN  S,SONG  C,1026
HAVLIN  S,MAKSE  H,1027
CONNOR  R,HEITHAUS  M,1028
CONNOR  R,BARRE  L,1029
HEITHAUS  M,BARRE  L,1030
COPPERSMITH  S,KADANOFF  L,1031
COPPERSMITH  S,ZHANG  Z,1032
KADANOFF  L,ZHANG  Z,1033
CORDES  D,HAUGHTON  V,1034
CORDES  D,ARFANAKIS  K,1035
CORDES  D,CAREW  J,1036
CORDES  D,TURSKI  P,1037
CORDES  D,MORITZ  C,1038
CORDES  D,QUIGLEY  M,1039
CORDES  D,MEYERAND  M,1040
HAUGHTON  V,ARFANAKIS  K,1041
HAUGHTON  V,CAREW  J,1042
HAUGHTON  V,TURSKI  P,1043
HAUGHTON  V,MORITZ  C,1044
HAUGHTON  V,QUIGLEY  M,1045
HAUGHTON  V,MEYERAND  M,1046
ARFANAKIS  K,CAREW  J,1047
ARFANAKIS  K,TURSKI  P,1048
ARFANAKIS  K,MORITZ  C,1049
ARFANAKIS  K,QUIGLEY  M,1050
ARFANAKIS  K,MEYERAND  M,1051
CAREW  J,TURSKI  P,1052
CAREW  J,MORITZ  C,1053
CAREW  J,QUIGLEY  M,1054
CAREW  J,MEYERAND  M,1055
TURSKI  P,MORITZ  C,1056
TURSKI  P,QUIGLEY  M,1057
TURSKI  P,MEYERAND  M,1058
MORITZ  C,QUIGLEY  M,1059
MORITZ  C,MEYERAND  M,1060
QUIGLEY  M,MEYERAND  M,1061
CORMAN  S,KUHN  T,1062
CORMAN  S,MCPHEE  R,1063
CORMAN  S,DOOLEY  K,1064
KUHN  T,MCPHEE  R,1065
KUHN  T,DOOLEY  K,1066
MCPHEE  R,DOOLEY  K,1067
CORMEN  T,LEISERSON  C,1068
CORMEN  T,RIVEST  R,1069
CORMEN  T,STEIN  C,1070
LEISERSON  C,RIVEST  R,1071
LEISERSON  C,STEIN  C,1072
RIVEST  R,STEIN  C,1073
COSENZA  S,CRUCITTI  P,1074
COSENZA  S,FRASCA  M,1075
COSENZA  S,STAGNI  C,1076
COSENZA  S,USAI  L,1077
CRUCITTI  P,FRASCA  M,1078
CRUCITTI  P,STAGNI  C,1079
CRUCITTI  P,USAI  L,1080
CRUCITTI  P,MARCHIORI  M,1081
CRUCITTI  P,PORTA  S,1082
CRUCITTI  P,KINNEY  R,1083
FRASCA  M,STAGNI  C,1084
FRASCA  M,USAI  L,1085
FRASCA  M,SPATA  A,1086
STAGNI  C,USAI  L,1087
CRIADO  R,FLORES  J,1088
CRIADO  R,HERNANDEZBERMEJO  B,1089
CRIADO  R,PELLO  J,1090
CRIADO  R,ROMANCE  M,1091
CRIADO  R,GARCIADELAMO  A,1092
FLORES  J,HERNANDEZBERMEJO  B,1093
FLORES  J,PELLO  J,1094
FLORES  J,ROMANCE  M,1095
HERNANDEZBERMEJO  B,PELLO  J,1096
HERNANDEZBERMEJO  B,ROMANCE  M,1097
HERNANDEZBERMEJO  B,GARCIADELAMO  A,1098
PELLO  J,ROMANCE  M,1099
ROMANCE  M,GARCIADELAMO  A,1100
CRICK  F,KOCH  C,1101
KOCH  C,LAURENT  G,1102
KOCH  C,NIEBUR  E,1103
KOCH  C,KAMMEN  D,1104
KOCH  C,RESS  G,1105
KOCH  C,KREIMAN  G,1106
MARCHIORI  M,FORTUNATO  S,1107
MARCHIORI  M,TIERI  P,1108
MARCHIORI  M,VALENSIN  S,1109
MARCHIORI  M,CASTELLANI  G,1110
MARCHIORI  M,REMONDINI  D,1111
MARCHIORI  M,FRANCESCHI  C,1112
CSANYI  G,SZENDROI  B,1113
CUNHA  C,BESTAVROS  A,1114
CUNHA  C,CROVELLA  M,1115
BESTAVROS  A,CROVELLA  M,1116
CVETKOVIC  D,DOOB  M,1117
CVETKOVIC  D,SACHS  H,1118
DOOB  M,SACHS  H,1119
DAFONTOURACOSTA  L,DIAMBRA  L,1120
DAFONTOURACOSTA  L,AHARONY  A,1121
DAFONTOURACOSTA  L,ADLER  J,1122
DALEY  D,GANI  J,1123
DALEY  D,KENDALL  D,1124
DALL  J,CHRISTENSEN  M,1125
DAVIS  A,GARDNER  B,1126
DAVIS  A,GARDNER  M,1127
GARDNER  B,GARDNER  M,1128
DAVIS  G,GREVE  H,1129
DAVIS  G,YOO  M,1130
DEARCANGELIS  L,HERRMANN  H,1131
HERRMANN  H,GONZALES  M,1132
HERRMANN  H,SOUSA  A,1133
HERRMANN  H,HONG  D,1134
HERRMANN  H,ROUX  S,1135
DECASTRO  R,GROSSMAN  J,1136
GROSSMAN  J,ION  P,1137
DEFFUANT  G,NEAU  D,1138
DEFFUANT  G,AMBLARD  F,1139
DEFFUANT  G,WEISBUCH  G,1140
NEAU  D,AMBLARD  F,1141
NEAU  D,WEISBUCH  G,1142
AMBLARD  F,WEISBUCH  G,1143
DELIMAESILVA  D,MEDEIROSSOARES  M,1144
DELIMAESILVA  D,HENRIQUES  M,1145
DELIMAESILVA  D,SCHIVANIALVES  M,1146
DELIMAESILVA  D,DEAGUILAR  S,1147
DELIMAESILVA  D,DECARVALHO  T,1148
DELIMAESILVA  D,CORSO  G,1149
DELIMAESILVA  D,LUCENA  L,1150
MEDEIROSSOARES  M,HENRIQUES  M,1151
MEDEIROSSOARES  M,SCHIVANIALVES  M,1152
MEDEIROSSOARES  M,DEAGUILAR  S,1153
MEDEIROSSOARES  M,DECARVALHO  T,1154
MEDEIROSSOARES  M,CORSO  G,1155
MEDEIROSSOARES  M,LUCENA  L,1156
HENRIQUES  M,SCHIVANIALVES  M,1157
HENRIQUES  M,DEAGUILAR  S,1158
HENRIQUES  M,DECARVALHO  T,1159
HENRIQUES  M,CORSO  G,1160
HENRIQUES  M,LUCENA  L,1161
SCHIVANIALVES  M,DEAGUILAR  S,1162
SCHIVANIALVES  M,DECARVALHO  T,1163
SCHIVANIALVES  M,CORSO  G,1164
SCHIVANIALVES  M,LUCENA  L,1165
DEAGUILAR  S,DECARVALHO  T,1166
DEAGUILAR  S,CORSO  G,1167
DEAGUILAR  S,LUCENA  L,1168
DECARVALHO  T,CORSO  G,1169
DECARVALHO  T,LUCENA  L,1170
CORSO  G,LUCENA  L,1171
DELUCIA  M,BOTTACCIO  M,1172
DELUCIA  M,MONTUORI  M,1173
DELUCIA  M,PIETRONERO  L,1174
BOTTACCIO  M,MONTUORI  M,1175
BOTTACCIO  M,PIETRONERO  L,1176
MONTUORI  M,PIETRONERO  L,1177
PIETRONERO  L,GARLASCHELLI  D,1178
DEMENEZES  M,MOUKARZEL  C,1179
DEMENEZES  M,PENNA  T,1180
MOUKARZEL  C,PENNA  T,1181
DEMERS  A,GREENE  D,1182
DEMERS  A,HAUSER  C,1183
DEMERS  A,IRISH  W,1184
DEMERS  A,LARSON  J,1185
GREENE  D,HAUSER  C,1186
GREENE  D,IRISH  W,1187
GREENE  D,LARSON  J,1188
HAUSER  C,IRISH  W,1189
HAUSER  C,LARSON  J,1190
IRISH  W,LARSON  J,1191
DEMOURA  A,MOTTER  A,1192
DEMOURA  A,GREBOGI  C,1193
DEMOURA  A,LAI  Y,1194
DEMOURA  A,DASGUPTA  P,1195
MOTTER  A,GREBOGI  C,1196
MOTTER  A,LAI  Y,1197
MOTTER  A,HOPPENSTEADT  F,1198
MOTTER  A,DASGUPTA  P,1199
MOTTER  A,NISHIKAWA  T,1200
DERRIDA  B,FLYVBJERG  H,1201
DERRIDA  B,GARDNER  E,1202
DERRIDA  B,ZIPPELIUS  A,1203
GARDNER  E,ZIPPELIUS  A,1204
ZIPPELIUS  A,KREE  R,1205
DESHAZER  D,BREBAN  R,1206
DESHAZER  D,OTT  E,1207
DESHAZER  D,ROY  R,1208
BREBAN  R,OTT  E,1209
BREBAN  R,ROY  R,1210
OTT  E,ROY  R,1211
OTT  E,RESTREPO  J,1212
OTT  E,HUNT  B,1213
OTT  E,ROSA  E,1214
OTT  E,HESS  M,1215
ROY  R,MEESTER  R,1216
ROY  R,ROGISTER  F,1217
ROY  R,THORNBURG  K,1218
ROY  R,FABINY  L,1219
ROY  R,MOLLER  M,1220
ROY  R,VANWIGGEREN  G,1221
DESTEXHE  A,MARDER  E,1222
DIEKMANN  O,HEESTERBEEK  J,1223
DOBRIN  R,BEG  Q,1224
DODDS  P,MUHAMAD  R,1225
DODDS  P,ROTHMAN  D,1226
DODDS  P,SABEL  C,1227
DODEL  S,HERRMANN  J,1228
DODEL  S,GEISEL  T,1229
HERRMANN  J,GEISEL  T,1230
GEISEL  T,HUFNAGEL  L,1231
GEISEL  T,BROCKMANN  D,1232
GEISEL  T,TIMME  M,1233
GEISEL  T,WOLF  F,1234
DONATH  W,HOFFMAN  A,1235
DOROGOVTSEV  S,GOLTSEV  A,1236
DOROGOVTSEV  S,MENDES  J,1237
DOROGOVTSEV  S,SAMUKHIN  A,1238
DOROGOVTSEV  S,RAMASCO  J,1239
GOLTSEV  A,MENDES  J,1240
MENDES  J,SAMUKHIN  A,1241
DU  D,GU  J,1242
DUNNE  J,WILLIAMS  R,1243
DUNNE  J,MARTINEZ  N,1244
WILLIAMS  R,MARTINEZ  N,1245
EAMES  K,KEELING  M,1246
ECHENIQUE  P,GOMEZGARDENES  J,1247
ECHENIQUE  P,MORENO  Y,1248
ECHENIQUE  P,VAZQUEZ  A,1249
GOMEZGARDENES  J,MORENO  Y,1250
GOMEZGARDENES  J,VAZQUEZ  A,1251
GOMEZGARDENES  J,FLORIA  L,1252
MORENO  Y,VAZQUEZ  A,1253
MORENO  Y,FLORIA  L,1254
MORENO  Y,LOPEZRUIZ  R,1255
MORENO  Y,GOMEZ  J,1256
MORENO  Y,PACHECO  A,1257
MORENO  Y,NEKOVEE  M,1258
MORENO  Y,VAZQUEZPRADA  M,1259
VAZQUEZ  A,LEONE  M,1260
VAZQUEZ  A,ZECCHINA  R,1261
VAZQUEZ  A,SOFFER  S,1262
VAZQUEZ  A,FLAMMINI  A,1263
ECKMANN  J,MOSES  E,1264
EGGHE  L,ROUSSEAU  R,1265
EGUILUZ  V,CHIALVO  D,1266
EGUILUZ  V,CECCHI  G,1267
EGUILUZ  V,BALIKI  M,1268
EGUILUZ  V,APKARIAN  A,1269
EGUILUZ  V,KLEMM  K,1270
EGUILUZ  V,SUCHECKI  K,1271
EGUILUZ  V,ZIMMERMANN  M,1272
CHIALVO  D,CECCHI  G,1273
CHIALVO  D,BALIKI  M,1274
CHIALVO  D,APKARIAN  A,1275
CHIALVO  D,HILGETAG  C,1276
CHIALVO  D,KAISER  M,1277
CHIALVO  D,SPORNS  O,1278
CECCHI  G,BALIKI  M,1279
CECCHI  G,APKARIAN  A,1280
CECCHI  G,SIGMAN  M,1281
BALIKI  M,APKARIAN  A,1282
EIGEN  M,SCHUSTER  P,1283
EISENBERG  D,MARCOTTE  E,1284
EISENBERG  D,XENARIOS  I,1285
EISENBERG  D,YEATES  T,1286
EISENBERG  D,RICE  D,1287
EISENBERG  D,SALWINSKI  L,1288
EISENBERG  D,BARON  M,1289
MARCOTTE  E,XENARIOS  I,1290
MARCOTTE  E,YEATES  T,1291
MARCOTTE  E,RICE  D,1292
MARCOTTE  E,SALWINSKI  L,1293
MARCOTTE  E,BARON  M,1294
XENARIOS  I,YEATES  T,1295
XENARIOS  I,RICE  D,1296
XENARIOS  I,SALWINSKI  L,1297
XENARIOS  I,BARON  M,1298
EISENBERG  E,LEVANON  E,1299
ENGEL  A,FRIES  P,1300
ENGEL  A,SINGER  W,1301
ENGEL  A,MOLL  C,1302
ENGEL  A,FRIED  I,1303
ENGEL  A,OJEMANN  G,1304
ENGEL  A,GRAY  C,1305
ENGEL  A,KONIG  P,1306
FRIES  P,SINGER  W,1307
SINGER  W,GRAY  C,1308
SINGER  W,KONIG  P,1309
MOLL  C,FRIED  I,1310
MOLL  C,OJEMANN  G,1311
FRIED  I,OJEMANN  G,1312
ERDOS  P,RENYI  A,1313
ERGUN  G,RODGERS  G,1314
RODGERS  G,DARBYDOWMAN  K,1315
RODGERS  G,THURNER  S,1316
ERIKSEN  K,SIMONSEN  I,1317
ERIKSEN  K,MASLOV  S,1318
SIMONSEN  I,MASLOV  S,1319
MASLOV  S,ZALIZNYAK  A,1320
FABRIKANT  A,KOUTSOUPIAS  E,1321
FABRIKANT  A,PAPADIMITRIOU  C,1322
KOUTSOUPIAS  E,PAPADIMITRIOU  C,1323
FALOUTSOS  M,FALOUTSOS  P,1324
FALOUTSOS  M,FALOUTSOS  C,1325
FALOUTSOS  P,FALOUTSOS  C,1326
FARARO  T,SUNSHINE  M,1327
FARKAS  I,DERENYI  I,1328
FAUST  K,WILLERT  K,1329
FAUST  K,ROWLEE  D,1330
FAUST  K,SKVORETZ  J,1331
WILLERT  K,ROWLEE  D,1332
WILLERT  K,SKVORETZ  J,1333
ROWLEE  D,SKVORETZ  J,1334
FELL  D,GLEISS  P,1335
FELL  D,STADLER  P,1336
FELLEMAN  D,VANESSEN  D,1337
FEMAT  R,SOLISPERALES  G,1338
FERGUSON  N,GARNETT  G,1339
FERRERICANCHO  R,JANSSEN  C,1340
FERRERICANCHO  R,KOHLER  R,1341
FIDUCCIA  C,MATTHEYSES  R,1342
FILATRELLA  G,STRAUGHN  B,1343
FILATRELLA  G,BARBARA  P,1344
STRAUGHN  B,BARBARA  P,1345
FINGELKURTS  A,KAHKONEN  S,1346
FINK  K,JOHNSON  G,1347
FINK  K,CARROLL  T,1348
JOHNSON  G,CARROLL  T,1349
CARROLL  T,HEAGY  J,1350
FLAKE  G,LAWRENCE  S,1351
FLAKE  G,GILES  C,1352
FLAKE  G,COETZEE  F,1353
FLAKE  G,PENNOCK  D,1354
FLAKE  G,GLOVER  E,1355
LAWRENCE  S,GILES  C,1356
LAWRENCE  S,COETZEE  F,1357
LAWRENCE  S,PENNOCK  D,1358
LAWRENCE  S,GLOVER  E,1359
GILES  C,COETZEE  F,1360
GILES  C,PENNOCK  D,1361
GILES  C,GLOVER  E,1362
FONTES  L,SCHONMANN  R,1363
FOSTER  I,KESSELMAN  C,1364
FOSTER  I,IAMNITCHI  A,1365
FOSTER  I,RIPEANU  M,1366
FOX  J,HILL  C,1367
FRANK  O,STRAUSS  D,1368
FRITH  C,LIDDLE  P,1369
FRITH  C,FRACKOWIAK  R,1370
LIDDLE  P,FRACKOWIAK  R,1371
FRONCZAK  A,FRONCZAK  P,1372
FRONCZAK  A,JEDYNAK  M,1373
FRONCZAK  A,SIENKIEWICZ  J,1374
JEDYNAK  M,SIENKIEWICZ  J,1375
FUJISAKA  H,YAMADA  T,1376
GADE  P,HU  C,1377
GAFIYCHUK  V,LUBASHEVSKY  I,1378
GAFIYCHUK  V,STOSYK  A,1379
LUBASHEVSKY  I,STOSYK  A,1380
GALASKIEWICZ  J,MARSDEN  P,1381
GALSTYAN  A,LERMAN  K,1382
GAMMAITONI  L,HANGGI  P,1383
GAMMAITONI  L,JUNG  P,1384
GAMMAITONI  L,MARCHESONI  F,1385
HANGGI  P,JUNG  P,1386
HANGGI  P,MARCHESONI  F,1387
JUNG  P,MARCHESONI  F,1388
GAO  Z,HU  B,1389
GAO  Z,HU  G,1390
HU  B,HU  G,1391
HU  B,ZHENG  Z,1392
HU  G,YANG  J,1393
HU  G,LIU  W,1394
HU  G,CERDEIRA  H,1395
HU  G,CHEN  S,1396
HU  G,BRAUN  T,1397
HU  G,YAO  Y,1398
HU  G,ZHAN  M,1399
HU  G,ZHENG  Z,1400
GAREY  M,JOHNSON  D,1401
GARFINKEL  I,GLEI  D,1402
GARFINKEL  I,MCLANAHAN  S,1403
GLEI  D,MCLANAHAN  S,1404
GARLASCHELLI  D,CASTRI  M,1405
GARLASCHELLI  D,LOFFREDO  M,1406
GAUTHIER  D,BIENFANG  J,1407
GAUTHIER  D,HALL  G,1408
GAUTHIER  D,BAHAR  S,1409
GIOT  L,UETZ  P,1410
GIOT  L,CAGNEY  G,1411
GIOT  L,MANSFIELD  T,1412
GIOT  L,JUDSON  R,1413
GIOT  L,KNIGHT  J,1414
GIOT  L,LOCKSHON  D,1415
GIOT  L,NARAYAN  V,1416
GIOT  L,SRINIVASAN  M,1417
GIOT  L,POCHART  P,1418
GIOT  L,QURESHIEMILI  A,1419
GIOT  L,LI  Y,1420
GIOT  L,GODWIN  B,1421
GIOT  L,CONOVER  D,1422
GIOT  L,KALBFLEISCH  T,1423
GIOT  L,VIJAYADAMODAR  G,1424
GIOT  L,YANG  M,1425
GIOT  L,JOHNSTON  M,1426
GIOT  L,FIELDS  S,1427
GIOT  L,ROTHBERG  J,1428
GIRVAN  M,JIN  E,1429
GLANZ  J,PEREZPENA  R,1430
GLEISS  P,STADLER  P,1431
GOH  K,GHIM  C,1432
GOH  K,KAHNG  B,1433
GOH  K,KIM  D,1434
GOH  K,LEE  D,1435
GOH  K,OH  E,1436
GOH  K,KIM  J,1437
GHIM  C,KAHNG  B,1438
GHIM  C,KIM  D,1439
KAHNG  B,KIM  D,1440
KAHNG  B,LEE  D,1441
KAHNG  B,OH  E,1442
KAHNG  B,HONG  H,1443
KAHNG  B,JUNG  S,1444
KAHNG  B,KIM  S,1445
KAHNG  B,PARK  Y,1446
KAHNG  B,KIM  J,1447
KAHNG  B,RHO  K,1448
KIM  D,LEE  D,1449
KIM  D,OH  E,1450
KIM  D,KIM  J,1451
OH  E,HONG  H,1452
OH  E,RHO  K,1453
GOLDBERG  D,NICHOLS  D,1454
GOLDBERG  D,OKI  B,1455
GOLDBERG  D,TERRY  D,1456
NICHOLS  D,OKI  B,1457
NICHOLS  D,TERRY  D,1458
OKI  B,TERRY  D,1459
GOLDBETER  A,GONZE  D,1460
GOLDBETER  A,HOUART  G,1461
GOLDBETER  A,LELOUP  J,1462
GOLDBETER  A,DUPONT  G,1463
GOLDBETER  A,HALLY  J,1464
GOLDBETER  A,IGOSHIN  O,1465
GOLDBETER  A,KAISER  D,1466
GOLDBETER  A,OSTER  G,1467
GONZE  D,HOUART  G,1468
GONZE  D,LELOUP  J,1469
GONZE  D,DUPONT  G,1470
GONZE  D,HALLY  J,1471
HOUART  G,LELOUP  J,1472
HOUART  G,DUPONT  G,1473
LELOUP  J,DUPONT  G,1474
GOLDWASSER  L,ROUGHGARDEN  J,1475
GOLOMB  D,HANSEL  D,1476
GOLOMB  D,RINZEL  J,1477
HANSEL  D,SOMPOLINSKY  H,1478
GOLUB  G,VANLOAN  C,1479
GONZALES  M,SOUSA  A,1480
SOUSA  A,YUSONG  T,1481
SOUSA  A,LINGJIANG  K,1482
SOUSA  A,MUREN  L,1483
GOODHILL  A,SIMMEN  M,1484
GOODHILL  A,WILLSHAW  D,1485
SIMMEN  M,WILLSHAW  D,1486
GOODMAN  M,HALL  D,1487
GOODMAN  M,AVERY  L,1488
GOODMAN  M,LOCKERY  S,1489
HALL  D,AVERY  L,1490
HALL  D,LOCKERY  S,1491
AVERY  L,LOCKERY  S,1492
GRAY  C,KONIG  P,1493
GROSS  J,KUJALA  J,1494
GROSS  J,HAMALAINEN  M,1495
GROSS  J,TIMMERMANN  L,1496
GROSS  J,SCHNITZLER  A,1497
GROSS  J,SALMELIN  R,1498
KUJALA  J,HAMALAINEN  M,1499
KUJALA  J,TIMMERMANN  L,1500
KUJALA  J,SCHNITZLER  A,1501
KUJALA  J,SALMELIN  R,1502
HAMALAINEN  M,TIMMERMANN  L,1503
HAMALAINEN  M,SCHNITZLER  A,1504
HAMALAINEN  M,SALMELIN  R,1505
HAMALAINEN  M,HARI  R,1506
HAMALAINEN  M,ILMONIEMI  R,1507
HAMALAINEN  M,KNUUTILA  J,1508
HAMALAINEN  M,LOUNASMAA  O,1509
TIMMERMANN  L,SCHNITZLER  A,1510
TIMMERMANN  L,SALMELIN  R,1511
SCHNITZLER  A,SALMELIN  R,1512
SCHNITZLER  A,ROSENBLUM  M,1513
SCHNITZLER  A,TASS  P,1514
SCHNITZLER  A,WEULE  M,1515
SCHNITZLER  A,VOLKMANN  J,1516
SCHNITZLER  A,FREUND  H,1517
GUARDIOLA  X,LLAS  M,1518
GUARDIOLA  X,PEREZ  C,1519
LLAS  M,PEREZ  C,1520
GUELZIM  N,BOTTANI  S,1521
GUELZIM  N,BOURGINE  P,1522
GUELZIM  N,KEPES  F,1523
BOTTANI  S,BOURGINE  P,1524
BOTTANI  S,KEPES  F,1525
BOURGINE  P,KEPES  F,1526
MOSSA  S,TURTSCHI  A,1527
HALL  G,BAHAR  S,1528
HARI  R,ILMONIEMI  R,1529
HARI  R,KNUUTILA  J,1530
HARI  R,LOUNASMAA  O,1531
ILMONIEMI  R,KNUUTILA  J,1532
ILMONIEMI  R,LOUNASMAA  O,1533
KNUUTILA  J,LOUNASMAA  O,1534
HANDCOCK  M,JONES  J,1535
HANDCOCK  M,HOFF  P,1536
HANDCOCK  M,RAFTERY  A,1537
SOMPOLINSKY  H,CRISANTI  A,1538
SOMPOLINSKY  H,VANVREESWIJK  C,1539
HARWELL  L,HOPFIELD  J,1540
HARWELL  L,LEIBLER  S,1541
HARWELL  L,MURRAY  A,1542
HOPFIELD  J,LEIBLER  S,1543
HOPFIELD  J,MURRAY  A,1544
LEIBLER  S,MURRAY  A,1545
HEGSELMANN  R,KRAUSE  U,1546
HE  M,XU  H,1547
HE  M,SUN  Q,1548
XU  H,SUN  Q,1549
HERRMANN  C,PROVERO  P,1550
HILGETAG  C,ONEILL  M,1551
HILGETAG  C,SCANNELL  J,1552
HILGETAG  C,GRANT  A,1553
HILGETAG  C,KAISER  M,1554
HILGETAG  C,KOTTER  R,1555
HILGETAG  C,STEPHAN  K,1556
HILGETAG  C,BLACKMORE  C,1557
HILGETAG  C,SPORNS  O,1558
ONEILL  M,SCANNELL  J,1559
ONEILL  M,KOTTER  R,1560
ONEILL  M,STEPHAN  K,1561
ONEILL  M,BLACKMORE  C,1562
SCANNELL  J,BLACKMORE  C,1563
SCANNELL  J,GRANT  S,1564
SCANNELL  J,PAYNE  B,1565
SCANNELL  J,BADDELEY  R,1566
KAISER  M,MARTIN  R,1567
KAISER  M,ANDRAS  P,1568
KAISER  M,SPORNS  O,1569
HILLIER  B,HANSON  J,1570
HODGKIN  A,HUXLEY  A,1571
HOFF  P,RAFTERY  A,1572
HOLLAND  P,LEINHARDT  S,1573
HOLME  P,EDLING  C,1574
HOLME  P,LILJEROS  F,1575
HOLME  P,GHOSHAL  G,1576
HOLME  P,HUSS  M,1577
HOLME  P,KIM  B,1578
HOLME  P,YOON  C,1579
HOLME  P,HAN  S,1580
HOLME  P,TRUSINA  A,1581
HOLME  P,MINNHAGEN  P,1582
HOLME  P,CHOI  M,1583
HOLME  P,CHUNG  J,1584
HOLME  P,LEICHT  E,1585
EDLING  C,LILJEROS  F,1586
EDLING  C,ABERG  Y,1587
LILJEROS  F,ABERG  Y,1588
KIM  B,YOON  C,1589
KIM  B,HAN  S,1590
KIM  B,TRUSINA  A,1591
KIM  B,MINNHAGEN  P,1592
KIM  B,HONG  H,1593
KIM  B,CHOI  M,1594
KIM  B,PARK  H,1595
KIM  B,CHUNG  J,1596
YOON  C,HAN  S,1597
TRUSINA  A,MINNHAGEN  P,1598
TRUSINA  A,CHOI  M,1599
TRUSINA  A,CHUNG  J,1600
TRUSINA  A,ROSVALL  M,1601
MINNHAGEN  P,CHOI  M,1602
MINNHAGEN  P,CHUNG  J,1603
MINNHAGEN  P,ROSVALL  M,1604
HOLMGREN  C,HARKANY  T,1605
HOLMGREN  C,SVENNENFORS  B,1606
HOLMGREN  C,ZILBERTER  Y,1607
HARKANY  T,SVENNENFORS  B,1608
HARKANY  T,ZILBERTER  Y,1609
SVENNENFORS  B,ZILBERTER  Y,1610
HOLTER  N,MITRA  M,1611
HOLTER  N,CIEPLAK  M,1612
HOLTER  N,FEDROFF  N,1613
MITRA  M,CIEPLAK  M,1614
MITRA  M,FEDROFF  N,1615
CIEPLAK  M,FEDROFF  N,1616
HONG  H,CHOI  M,1617
HONG  H,PARK  H,1618
HONG  H,RHO  K,1619
CHOI  M,PARK  H,1620
CHOI  M,CHUNG  J,1621
HORN  N,RUPPIN  E,1622
HUFNAGEL  L,BROCKMANN  D,1623
YANG  J,LIU  W,1624
YANG  J,ZHAN  M,1625
HUXHAM  M,BEANEY  S,1626
HUXHAM  M,RAFFAELLI  D,1627
BEANEY  S,RAFFAELLI  D,1628
IAMNITCHI  A,RIPEANU  M,1629
IGOSHIN  O,KAISER  D,1630
IGOSHIN  O,OSTER  G,1631
KAISER  D,OSTER  G,1632
IHMELS  J,FRIEDLANDER  G,1633
IHMELS  J,BERGMANN  S,1634
IHMELS  J,OFERSARIG  Y,1635
FRIEDLANDER  G,BERGMANN  S,1636
FRIEDLANDER  G,OFERSARIG  Y,1637
BERGMANN  S,OFERSARIG  Y,1638
ITO  T,CHIBA  T,1639
ITO  T,OZAWA  R,1640
ITO  T,YOSHIDA  M,1641
ITO  T,HATTORI  M,1642
ITO  T,SAKAKI  Y,1643
CHIBA  T,OZAWA  R,1644
CHIBA  T,YOSHIDA  M,1645
CHIBA  T,HATTORI  M,1646
CHIBA  T,SAKAKI  Y,1647
OZAWA  R,YOSHIDA  M,1648
OZAWA  R,HATTORI  M,1649
OZAWA  R,SAKAKI  Y,1650
YOSHIDA  M,HATTORI  M,1651
YOSHIDA  M,SAKAKI  Y,1652
HATTORI  M,SAKAKI  Y,1653
ITZKOVITZ  S,MILO  R,1654
ITZKOVITZ  S,KASHTAN  N,1655
ITZKOVITZ  S,ZIV  G,1656
ITZKOVITZ  S,LEVITT  R,1657
ITZKOVITZ  S,SHENORR  S,1658
ITZKOVITZ  S,AYZENSHTAT  I,1659
ITZKOVITZ  S,SHEFFER  M,1660
MILO  R,KASHTAN  N,1661
MILO  R,ZIV  G,1662
MILO  R,MANGAN  S,1663
MILO  R,LEVITT  R,1664
MILO  R,SHENORR  S,1665
MILO  R,AYZENSHTAT  I,1666
MILO  R,SHEFFER  M,1667
KASHTAN  N,ZIV  G,1668
KASHTAN  N,LEVITT  R,1669
KASHTAN  N,SHENORR  S,1670
KASHTAN  N,AYZENSHTAT  I,1671
KASHTAN  N,SHEFFER  M,1672
JACOB  F,MONOD  J,1673
JAFFE  A,TRAJTENBERG  M,1674
JAIN  A,MURTY  M,1675
JAIN  A,FLYNN  P,1676
MURTY  M,FLYNN  P,1677
JAIN  S,KRISHNA  S,1678
JALAN  S,AMRITKAR  R,1679
AMRITKAR  R,PANDIT  S,1680
JANKOWSKI  S,LONDEI  A,1681
JANKOWSKI  S,MAZUR  C,1682
JANKOWSKI  S,LOZOWSKI  A,1683
LONDEI  A,MAZUR  C,1684
LONDEI  A,LOZOWSKI  A,1685
MAZUR  C,LOZOWSKI  A,1686
JANSEN  R,YU  H,1687
JANSEN  R,GREENBAUM  D,1688
JANSEN  R,KLUGER  Y,1689
JANSEN  R,KROGAN  N,1690
JANSEN  R,CHUNG  S,1691
JANSEN  R,EMILI  A,1692
JANSEN  R,SNYDER  M,1693
JANSEN  R,GREENBLATT  J,1694
JANSEN  R,GERSTEIN  M,1695
YU  H,GREENBAUM  D,1696
YU  H,KLUGER  Y,1697
YU  H,KROGAN  N,1698
YU  H,CHUNG  S,1699
YU  H,EMILI  A,1700
YU  H,SNYDER  M,1701
YU  H,GREENBLATT  J,1702
YU  H,GERSTEIN  M,1703
GREENBAUM  D,KLUGER  Y,1704
GREENBAUM  D,KROGAN  N,1705
GREENBAUM  D,CHUNG  S,1706
GREENBAUM  D,EMILI  A,1707
GREENBAUM  D,SNYDER  M,1708
GREENBAUM  D,GREENBLATT  J,1709
GREENBAUM  D,GERSTEIN  M,1710
KLUGER  Y,KROGAN  N,1711
KLUGER  Y,CHUNG  S,1712
KLUGER  Y,EMILI  A,1713
KLUGER  Y,SNYDER  M,1714
KLUGER  Y,GREENBLATT  J,1715
KLUGER  Y,GERSTEIN  M,1716
KROGAN  N,CHUNG  S,1717
KROGAN  N,EMILI  A,1718
KROGAN  N,SNYDER  M,1719
KROGAN  N,GREENBLATT  J,1720
KROGAN  N,GERSTEIN  M,1721
CHUNG  S,EMILI  A,1722
CHUNG  S,SNYDER  M,1723
CHUNG  S,GREENBLATT  J,1724
CHUNG  S,GERSTEIN  M,1725
EMILI  A,SNYDER  M,1726
EMILI  A,GREENBLATT  J,1727
EMILI  A,GERSTEIN  M,1728
SNYDER  M,GREENBLATT  J,1729
SNYDER  M,GERSTEIN  M,1730
GREENBLATT  J,GERSTEIN  M,1731
JANSON  S,LUCZAK  T,1732
JANSON  S,RUCINSKI  A,1733
LUCZAK  T,RUCINSKI  A,1734
TOMBOR  B,PODANI  J,1735
TOMBOR  B,SZATHMARY  E,1736
JESPERSEN  S,BLUMEN  A,1737
JESPERSEN  S,SOKOLOV  I,1738
BLUMEN  A,SOKOLOV  I,1739
SOKOLOV  I,SANDER  L,1740
SOKOLOV  I,WARREN  C,1741
SOKOLOV  I,SIMON  C,1742
SOKOLOV  I,KOOPMAN  J,1743
SOKOLOV  I,XULVIBRUNET  R,1744
JIA  L,SANO  M,1745
JIA  L,LAI  P,1746
JIA  L,CHAN  C,1747
SANO  M,LAI  P,1748
SANO  M,CHAN  C,1749
LAI  P,CHAN  C,1750
JIANG  B,CLARAMUNT  C,1751
JIANG  Y,LOZADACASSOU  M,1752
JIANG  Y,VINET  A,1753
LOZADACASSOU  M,VINET  A,1754
JORDANO  P,BASCOMPTE  J,1755
JORDANO  P,OLESEN  J,1756
BASCOMPTE  J,OLESEN  J,1757
JOUVE  B,ROSENTIEHL  P,1758
JOUVE  B,IMBERT  M,1759
JOUVE  B,VEZOLI  J,1760
JOUVE  B,FALCHIER  A,1761
JOUVE  B,KNOBLAUCH  K,1762
JOUVE  B,KENNEDY  H,1763
ROSENTIEHL  P,IMBERT  M,1764
JUNG  S,KIM  S,1765
KALAPALA  V,SANWALANI  V,1766
KAREV  G,WOLF  Y,1767
KAREV  G,RZHETSKY  A,1768
KAREV  G,BEREZOVSKAYA  F,1769
KAREV  G,KOONIN  E,1770
WOLF  Y,RZHETSKY  A,1771
WOLF  Y,BEREZOVSKAYA  F,1772
WOLF  Y,KOONIN  E,1773
RZHETSKY  A,BEREZOVSKAYA  F,1774
RZHETSKY  A,KOONIN  E,1775
RZHETSKY  A,GOMEZ  S,1776
BEREZOVSKAYA  F,KOONIN  E,1777
KARP  P,RILEY  M,1778
KARP  P,PALEY  S,1779
KARP  P,PELLEGRINITOOLE  A,1780
KARP  P,KRUMMENACKER  M,1781
RILEY  M,PALEY  S,1782
RILEY  M,PELLEGRINITOOLE  A,1783
RILEY  M,KRUMMENACKER  M,1784
PALEY  S,PELLEGRINITOOLE  A,1785
PALEY  S,KRUMMENACKER  M,1786
PELLEGRINITOOLE  A,KRUMMENACKER  M,1787
KAUFFMAN  S,SOCOLAR  J,1788
KAUTZ  H,SELMAN  B,1789
KAUTZ  H,SHAH  M,1790
SELMAN  B,SHAH  M,1791
KEPHART  J,WHITE  S,1792
KERMARREC  A,GANESH  A,1793
KERMARREC  A,MASSOULIE  L,1794
GANESH  A,MASSOULIE  L,1795
KINOUCHI  O,MARTINEZ  A,1796
KINOUCHI  O,LIMA  G,1797
KINOUCHI  O,LOURENC  G,1798
KINOUCHI  O,RISAUGUSMAN  S,1799
MARTINEZ  A,LIMA  G,1800
MARTINEZ  A,LOURENC  G,1801
MARTINEZ  A,RISAUGUSMAN  S,1802
LIMA  G,LOURENC  G,1803
LIMA  G,RISAUGUSMAN  S,1804
LOURENC  G,RISAUGUSMAN  S,1805
KIRKPATRICK  S,GELATT  C,1806
KIRKPATRICK  S,VECCHI  M,1807
KIRKPATRICK  S,SHERRINGTON  D,1808
GELATT  C,VECCHI  M,1809
KISS  I,ZHAI  Y,1810
KISS  I,HUDSON  J,1811
ZHAI  Y,HUDSON  J,1812
KLECZKOWSKI  A,GRENFELL  B,1813
KLEVECZ  R,BOLEN  J,1814
KLEVECZ  R,DURAN  O,1815
BOLEN  J,DURAN  O,1816
KLOVDAHL  A,POTTERAT  J,1817
KLOVDAHL  A,WOODHOUSE  D,1818
KLOVDAHL  A,MUTH  J,1819
KLOVDAHL  A,MUTH  S,1820
KLOVDAHL  A,DARROW  W,1821
POTTERAT  J,WOODHOUSE  D,1822
POTTERAT  J,MUTH  J,1823
POTTERAT  J,MUTH  S,1824
POTTERAT  J,DARROW  W,1825
POTTERAT  J,WHITE  H,1826
POTTERAT  J,ROTHENBERG  R,1827
POTTERAT  J,ZIMMERMANROGER  H,1828
POTTERAT  J,GREEN  D,1829
POTTERAT  J,TAYLOR  J,1830
POTTERAT  J,BONNEY  M,1831
POTTERAT  J,PHILLIPSPLUMMER  L,1832
POTTERAT  J,MALDONADOLONG  T,1833
POTTERAT  J,ZIMMERMAN  H,1834
WOODHOUSE  D,MUTH  J,1835
WOODHOUSE  D,MUTH  S,1836
WOODHOUSE  D,DARROW  W,1837
WOODHOUSE  D,ROTHENBERG  R,1838
WOODHOUSE  D,PHILLIPSPLUMMER  L,1839
WOODHOUSE  D,MALDONADOLONG  T,1840
WOODHOUSE  D,ZIMMERMAN  H,1841
MUTH  J,MUTH  S,1842
MUTH  J,DARROW  W,1843
MUTH  J,ROTHENBERG  R,1844
MUTH  J,PHILLIPSPLUMMER  L,1845
MUTH  J,MALDONADOLONG  T,1846
MUTH  J,ZIMMERMAN  H,1847
MUTH  S,DARROW  W,1848
MUTH  S,WHITE  H,1849
MUTH  S,ROTHENBERG  R,1850
MUTH  S,ZIMMERMANROGER  H,1851
MUTH  S,GREEN  D,1852
MUTH  S,TAYLOR  J,1853
MUTH  S,BONNEY  M,1854
MUTH  S,PHILLIPSPLUMMER  L,1855
MUTH  S,MALDONADOLONG  T,1856
MUTH  S,ZIMMERMAN  H,1857
MUTH  S,BALDWIN  J,1858
MUTH  S,TROTTER  R,1859
KOCAREV  L,PARLITZ  U,1860
KOCH  M,NORRIS  D,1861
KOCH  M,HUNDGEORGIADIS  M,1862
NORRIS  D,HUNDGEORGIADIS  M,1863
ERMENTROUT  B,WHITTINGTON  M,1864
ERMENTROUT  B,TRAUB  R,1865
ERMENTROUT  B,BUHL  E,1866
KORTE  C,MILGRAM  S,1867
MILGRAM  S,TRAVERS  J,1868
KOTTER  R,STEPHAN  K,1869
KOTTER  R,SOMMER  F,1870
KOTTER  R,PASSINGHAM  R,1871
KOTTER  R,STHEPAN  K,1872
KOTTER  R,SPORNS  O,1873
KOTTER  R,KAMPER  L,1874
KOTTER  R,BOZKURT  A,1875
STEPHAN  K,KAMPER  L,1876
STEPHAN  K,BOZKURT  A,1877
KRAUSE  A,FRANK  K,1878
KRAUSE  A,MASON  D,1879
KRAUSE  A,TAYLOR  W,1880
FRANK  K,MASON  D,1881
FRANK  K,TAYLOR  W,1882
MASON  D,TAYLOR  W,1883
KRETZSCHMAR  M,VANDUYNHOVEN  Y,1884
KRETZSCHMAR  M,SEVERIJNEN  A,1885
VANDUYNHOVEN  Y,SEVERIJNEN  A,1886
SIVAKUMAR  D,UPFAL  E,1887
KURAMOTO  Y,NAKAO  H,1888
KURAMOTO  Y,SAKAGUCHI  H,1889
KURAMOTO  Y,SHINOMOTO  S,1890
KWON  O,MOON  H,1891
LAGOFERNANDEZ  L,CORBACHO  F,1892
LAGOFERNANDEZ  L,HUERTA  R,1893
LAGOFERNANDEZ  L,SIGUENZA  J,1894
CORBACHO  F,HUERTA  R,1895
CORBACHO  F,SIGUENZA  J,1896
HUERTA  R,SIGUENZA  J,1897
LAHTINEN  J,KASKI  K,1898
KASKI  K,ONNELA  J,1899
KASKI  K,CHAKRABORTI  A,1900
KASKI  K,KANTO  A,1901
KASKI  K,JARISARAMAKI  J,1902
LAWNICZAK  A,MAXIE  K,1903
LAWNICZAK  A,GERISCH  A,1904
MAXIE  K,GERISCH  A,1905
LEE  L,HARRISON  L,1906
LEE  L,MECHELLI  A,1907
HARRISON  L,MECHELLI  A,1908
LEONE  M,ZECCHINA  R,1909
LEVANQUYEN  M,QUILICHINI  P,1910
LEVANQUYEN  M,BERNARD  C,1911
LEVANQUYEN  M,ESCLAPEZ  M,1912
LEVANQUYEN  M,BENARI  Y,1913
LEVANQUYEN  M,GOZLAN  H,1914
QUILICHINI  P,BERNARD  C,1915
QUILICHINI  P,ESCLAPEZ  M,1916
QUILICHINI  P,BENARI  Y,1917
QUILICHINI  P,GOZLAN  H,1918
BERNARD  C,ESCLAPEZ  M,1919
BERNARD  C,BENARI  Y,1920
BERNARD  C,GOZLAN  H,1921
ESCLAPEZ  M,BENARI  Y,1922
ESCLAPEZ  M,GOZLAN  H,1923
BENARI  Y,GOZLAN  H,1924
LI  C,CHEN  G,1925
CHEN  G,LI  X,1926
CHEN  G,LU  J,1927
CHEN  G,YU  X,1928
CHEN  G,CHEN  D,1929
LIEBERMAN  E,HAUERT  C,1930
LIEBERMAN  E,NOWAK  M,1931
HAUERT  C,NOWAK  M,1932
NOWAK  M,SIGMUND  K,1933
LI  R,ERNEUX  T,1934
LI  S,WAND  H,1935
LI  S,OUYANG  Q,1936
WAND  H,OUYANG  Q,1937
LIU  Z,LAI  Y,1938
LIU  Z,HOPPENSTEADT  F,1939
LIU  Z,YE  N,1940
LAI  Y,HOPPENSTEADT  F,1941
LAI  Y,YE  N,1942
LAI  Y,DASGUPTA  P,1943
LAI  Y,NISHIKAWA  T,1944
HOPPENSTEADT  F,NISHIKAWA  T,1945
LI  W,CAI  X,1946
LOCKHART  D,WINZELER  E,1947
LOGOTHETIS  N,PAULS  J,1948
LOGOTHETIS  N,AUGATH  M,1949
LOGOTHETIS  N,TRINATH  T,1950
LOGOTHETIS  N,OELTERMANN  A,1951
PAULS  J,AUGATH  M,1952
PAULS  J,TRINATH  T,1953
PAULS  J,OELTERMANN  A,1954
AUGATH  M,TRINATH  T,1955
AUGATH  M,OELTERMANN  A,1956
TRINATH  T,OELTERMANN  A,1957
LORRAIN  F,WHITE  H,1958
WHITE  H,ROTHENBERG  R,1959
WHITE  H,ZIMMERMANROGER  H,1960
WHITE  H,GREEN  D,1961
WHITE  H,TAYLOR  J,1962
WHITE  H,BONNEY  M,1963
WHITE  H,WELLMAN  B,1964
WHITE  H,NAZER  N,1965
LU  J,YU  X,1966
LU  J,CHEN  D,1967
YU  X,CHEN  D,1968
LU  W,CHEN  T,1969
MACGRAW  P,MENZINGER  M,1970
MENZINGER  M,MCGRAW  P,1971
MAHADEVAN  R,PALSSON  B,1972
MA  H,ZENG  A,1973
MANGAN  S,SHENORR  S,1974
MANNA  S,SEN  P,1975
MANNA  S,DASGUPTA  S,1976
MANNA  S,CHATTERJEE  A,1977
MANNA  S,SREERAM  P,1978
MANNA  S,MUKHERJEE  G,1979
SEN  P,BANERJEE  K,1980
SEN  P,BISWAS  T,1981
SEN  P,CHAKRABARTI  B,1982
SEN  P,DASGUPTA  S,1983
SEN  P,CHATTERJEE  A,1984
SEN  P,SREERAM  P,1985
SEN  P,MUKHERJEE  G,1986
RIGON  R,GIACOMETTI  A,1987
RIGON  R,RODRIGUEZITURBE  I,1988
GIACOMETTI  A,RODRIGUEZITURBE  I,1989
MARODI  M,DOVIDIO  F,1990
MARRO  J,DICKMAN  R,1991
MARRO  J,TORRES  J,1992
MARRO  J,GARRIDO  P,1993
MARTIN  R,ANDRAS  P,1994
MASOLLER  C,MARTI  A,1995
MASSUNAGA  M,BAHIANA  M,1996
MASUDA  N,AIHARA  K,1997
MASUDA  N,MIWA  H,1998
MASUDA  N,KONNO  N,1999
MIWA  H,KONNO  N,2000
MATTHEWS  P,MIROLLO  R,2001
MCCANN  K,HASTINGS  A,2002
MCCANN  K,HUXEL  G,2003
HASTINGS  A,HUXEL  G,2004
MEHRING  C,HEHL  U,2005
MEHRING  C,KUBO  M,2006
MEHRING  C,DIESMANN  M,2007
HEHL  U,KUBO  M,2008
HEHL  U,DIESMANN  M,2009
KUBO  M,DIESMANN  M,2010
MELIN  G,PERSSON  O,2011
MENCZER  F,BELEW  R,2012
MENCZER  F,PANT  G,2013
MENCZER  F,RUIZ  M,2014
MENCZER  F,SRINIVASAN  P,2015
PANT  G,RUIZ  M,2016
PANT  G,SRINIVASAN  P,2017
RUIZ  M,SRINIVASAN  P,2018
MEWES  H,FRISHMAN  D,2019
MEWES  H,GULDENER  U,2020
MEWES  H,MANNHAUPT  G,2021
MEWES  H,MAYER  K,2022
MEWES  H,MOKREJS  M,2023
MEWES  H,MORGENSTERN  B,2024
MEWES  H,MUNSTERKOTTER  M,2025
MEWES  H,RUDD  S,2026
MEWES  H,WEIL  B,2027
MEWES  H,TORNOW  S,2028
FRISHMAN  D,GULDENER  U,2029
FRISHMAN  D,MANNHAUPT  G,2030
FRISHMAN  D,MAYER  K,2031
FRISHMAN  D,MOKREJS  M,2032
FRISHMAN  D,MORGENSTERN  B,2033
FRISHMAN  D,MUNSTERKOTTER  M,2034
FRISHMAN  D,RUDD  S,2035
FRISHMAN  D,WEIL  B,2036
GULDENER  U,MANNHAUPT  G,2037
GULDENER  U,MAYER  K,2038
GULDENER  U,MOKREJS  M,2039
GULDENER  U,MORGENSTERN  B,2040
GULDENER  U,MUNSTERKOTTER  M,2041
GULDENER  U,RUDD  S,2042
GULDENER  U,WEIL  B,2043
MANNHAUPT  G,MAYER  K,2044
MANNHAUPT  G,MOKREJS  M,2045
MANNHAUPT  G,MORGENSTERN  B,2046
MANNHAUPT  G,MUNSTERKOTTER  M,2047
MANNHAUPT  G,RUDD  S,2048
MANNHAUPT  G,WEIL  B,2049
MAYER  K,MOKREJS  M,2050
MAYER  K,MORGENSTERN  B,2051
MAYER  K,MUNSTERKOTTER  M,2052
MAYER  K,RUDD  S,2053
MAYER  K,WEIL  B,2054
MOKREJS  M,MORGENSTERN  B,2055
MOKREJS  M,MUNSTERKOTTER  M,2056
MOKREJS  M,RUDD  S,2057
MOKREJS  M,WEIL  B,2058
MORGENSTERN  B,MUNSTERKOTTER  M,2059
MORGENSTERN  B,RUDD  S,2060
MORGENSTERN  B,WEIL  B,2061
MUNSTERKOTTER  M,RUDD  S,2062
MUNSTERKOTTER  M,WEIL  B,2063
RUDD  S,WEIL  B,2064
LEVITT  R,SHENORR  S,2065
LEVITT  R,AYZENSHTAT  I,2066
LEVITT  R,SHEFFER  M,2067
SHENORR  S,AYZENSHTAT  I,2068
SHENORR  S,SHEFFER  M,2069
AYZENSHTAT  I,SHEFFER  M,2070
MOLLOY  M,REED  B,2071
MOREIRA  A,ANDRADE  J,2072
GOMEZ  J,PACHECO  A,2073
PACHECO  A,NEKOVEE  M,2074
PACHECO  A,VAZQUEZPRADA  M,2075
MROWKA  R,PATZAK  A,2076
MROWKA  R,HERZEL  H,2077
MROWKA  R,HOLSTE  D,2078
PATZAK  A,HERZEL  H,2079
PATZAK  A,HOLSTE  D,2080
HERZEL  H,HOLSTE  D,2081
MULLER  J,SCHONFISCH  B,2082
MULLER  J,KIRKILIONIS  M,2083
SCHONFISCH  B,KIRKILIONIS  M,2084
NAGUMO  J,ARIMOTO  S,2085
NAGUMO  J,YOSHIZAWA  S,2086
ARIMOTO  S,YOSHIZAWA  S,2087
NEIMAN  A,PEI  X,2088
NEIMAN  A,RUSSELL  D,2089
NEIMAN  A,WOJTENEK  W,2090
NEIMAN  A,WILKENS  L,2091
NEIMAN  A,MOSS  F,2092
NEIMAN  A,BRAUN  H,2093
NEIMAN  A,HUBER  M,2094
NEIMAN  A,VOIGT  K,2095
PEI  X,RUSSELL  D,2096
PEI  X,WOJTENEK  W,2097
PEI  X,WILKENS  L,2098
PEI  X,MOSS  F,2099
PEI  X,BRAUN  H,2100
PEI  X,HUBER  M,2101
PEI  X,VOIGT  K,2102
RUSSELL  D,WOJTENEK  W,2103
RUSSELL  D,WILKENS  L,2104
RUSSELL  D,MOSS  F,2105
RUSSELL  D,BRAUN  H,2106
RUSSELL  D,HUBER  M,2107
RUSSELL  D,VOIGT  K,2108
RUSSELL  D,TONONI  G,2109
RUSSELL  D,EDELMAN  G,2110
RUSSELL  D,MCINTOSH  A,2111
WOJTENEK  W,WILKENS  L,2112
WOJTENEK  W,MOSS  F,2113
WOJTENEK  W,BRAUN  H,2114
WOJTENEK  W,HUBER  M,2115
WOJTENEK  W,VOIGT  K,2116
WILKENS  L,MOSS  F,2117
WILKENS  L,BRAUN  H,2118
WILKENS  L,HUBER  M,2119
WILKENS  L,VOIGT  K,2120
MOSS  F,BRAUN  H,2121
MOSS  F,HUBER  M,2122
MOSS  F,VOIGT  K,2123
BRAUN  H,HUBER  M,2124
BRAUN  H,VOIGT  K,2125
HUBER  M,VOIGT  K,2126
NEMETH  G,VATTAY  G,2127
NETOFF  T,CLEWLEY  R,2128
NETOFF  T,ARNO  S,2129
NETOFF  T,KECK  T,2130
NETOFF  T,WHITE  J,2131
CLEWLEY  R,ARNO  S,2132
CLEWLEY  R,KECK  T,2133
CLEWLEY  R,WHITE  J,2134
ARNO  S,KECK  T,2135
ARNO  S,WHITE  J,2136
KECK  T,WHITE  J,2137
WHITE  J,SOUTHGATE  E,2138
WHITE  J,THOMPSON  J,2139
WHITE  J,BRENNER  S,2140
FORREST  S,BALTHROP  J,2141
NIEBUR  E,KAMMEN  D,2142
NOH  J,RIEGER  H,2143
OHIRA  T,SAWATARI  R,2144
OKANE  D,TREVES  A,2145
ONNELA  J,CHAKRABORTI  A,2146
ONNELA  J,KANTO  A,2147
ONNELA  J,JARISARAMAKI  J,2148
CHAKRABORTI  A,KANTO  A,2149
ONODY  R,DECASTRO  P,2150
OOSAWA  C,SAVAGEAU  M,2151
SAVAGEAU  M,WALL  M,2152
SAVAGEAU  M,HIAVACEK  W,2153
ROSENBLUM  M,SCHAFER  C,2154
ROSENBLUM  M,ABEL  H,2155
ROSENBLUM  M,TASS  P,2156
ROSENBLUM  M,WEULE  M,2157
ROSENBLUM  M,VOLKMANN  J,2158
ROSENBLUM  M,FREUND  H,2159
ROSENBLUM  M,ZAKS  M,2160
ROSENBLUM  M,PARK  E,2161
OTSUKA  K,KAWAI  R,2162
OTSUKA  K,HWONG  S,2163
OTSUKA  K,KO  J,2164
OTSUKA  K,CHERN  J,2165
KAWAI  R,HWONG  S,2166
KAWAI  R,KO  J,2167
KAWAI  R,CHERN  J,2168
HWONG  S,KO  J,2169
HWONG  S,CHERN  J,2170
KO  J,CHERN  J,2171
OVERBEEK  R,LARSEN  N,2172
OVERBEEK  R,PUSCH  G,2173
OVERBEEK  R,DSOUZA  M,2174
OVERBEEK  R,SELKOVJR  E,2175
OVERBEEK  R,KYRPIDES  N,2176
OVERBEEK  R,FONSTEIN  M,2177
OVERBEEK  R,MALTSEV  N,2178
OVERBEEK  R,SELKOV  E,2179
LARSEN  N,PUSCH  G,2180
LARSEN  N,DSOUZA  M,2181
LARSEN  N,SELKOVJR  E,2182
LARSEN  N,KYRPIDES  N,2183
LARSEN  N,FONSTEIN  M,2184
LARSEN  N,MALTSEV  N,2185
LARSEN  N,SELKOV  E,2186
PUSCH  G,DSOUZA  M,2187
PUSCH  G,SELKOVJR  E,2188
PUSCH  G,KYRPIDES  N,2189
PUSCH  G,FONSTEIN  M,2190
PUSCH  G,MALTSEV  N,2191
PUSCH  G,SELKOV  E,2192
DSOUZA  M,SELKOVJR  E,2193
DSOUZA  M,KYRPIDES  N,2194
DSOUZA  M,FONSTEIN  M,2195
DSOUZA  M,MALTSEV  N,2196
DSOUZA  M,SELKOV  E,2197
SELKOVJR  E,KYRPIDES  N,2198
SELKOVJR  E,FONSTEIN  M,2199
SELKOVJR  E,MALTSEV  N,2200
SELKOVJR  E,SELKOV  E,2201
KYRPIDES  N,FONSTEIN  M,2202
KYRPIDES  N,MALTSEV  N,2203
KYRPIDES  N,SELKOV  E,2204
FONSTEIN  M,MALTSEV  N,2205
FONSTEIN  M,SELKOV  E,2206
MALTSEV  N,SELKOV  E,2207
BASSLER  K,CORRAL  A,2208
BASSLER  K,KOZMA  B,2209
BASSLER  K,HENGARTNER  N,2210
BASSLER  K,KORNISS  G,2211
PADGETT  J,ANSELL  C,2212
MOTWANI  R,WINOGRAD  T,2213
PANDEY  A,MANN  M,2214
PASSINGHAM  R,STHEPAN  K,2215
SMITH  E,KEPLER  T,2216
PENNOCK  D,GLOVER  E,2217
PINTO  S,LOPES  S,2218
PINTO  S,VIANA  R,2219
LOPES  S,VIANA  R,2220
PODANI  J,SZATHMARY  E,2221
POOL  I,KOCHEN  M,2222
PORTER  M,MUCHA  P,2223
PORTER  M,WARMBRAND  C,2224
MUCHA  P,WARMBRAND  C,2225
POTHEN  A,SIMON  H,2226
POTHEN  A,LIOU  K,2227
SIMON  H,LIOU  K,2228
ROTHENBERG  R,ZIMMERMANROGER  H,2229
ROTHENBERG  R,GREEN  D,2230
ROTHENBERG  R,TAYLOR  J,2231
ROTHENBERG  R,BONNEY  M,2232
ROTHENBERG  R,PHILLIPSPLUMMER  L,2233
ROTHENBERG  R,MALDONADOLONG  T,2234
ROTHENBERG  R,ZIMMERMAN  H,2235
ROTHENBERG  R,BALDWIN  J,2236
ROTHENBERG  R,TROTTER  R,2237
ZIMMERMANROGER  H,GREEN  D,2238
ZIMMERMANROGER  H,TAYLOR  J,2239
ZIMMERMANROGER  H,BONNEY  M,2240
GREEN  D,TAYLOR  J,2241
GREEN  D,BONNEY  M,2242
TAYLOR  J,BONNEY  M,2243
PHILLIPSPLUMMER  L,MALDONADOLONG  T,2244
PHILLIPSPLUMMER  L,ZIMMERMAN  H,2245
MALDONADOLONG  T,ZIMMERMAN  H,2246
POWELL  W,WHITE  D,2247
POWELL  W,KOPUT  K,2248
POWELL  W,OWENSMITH  J,2249
WHITE  D,KOPUT  K,2250
WHITE  D,OWENSMITH  J,2251
KOPUT  K,OWENSMITH  J,2252
RADICCHI  F,CECCONI  F,2253
RADICCHI  F,LORETO  V,2254
RADICCHI  F,PARISI  D,2255
CECCONI  F,LORETO  V,2256
CECCONI  F,PARISI  D,2257
LORETO  V,PARISI  D,2258
RAGHAVACHARI  S,GLAZIER  J,2259
RAMEZANPOUR  A,KARIMIPOUR  V,2260
RAMEZANPOUR  A,MASHAGHI  A,2261
KARIMIPOUR  V,MASHAGHI  A,2262
RAPOPORT  A,CHAMMAH  A,2263
RAPOPORT  A,HORVATH  W,2264
RAPOPORT  A,SOLOMONOFF  R,2265
SOMERA  A,MONGRU  D,2266
RESNICK  P,VARIAN  H,2267
RESS  G,KREIMAN  G,2268
RESTREPO  J,HUNT  B,2269
RIVES  A,GALITSKI  T,2270
ROETHLISBERGER  F,DICKSON  W,2271
ROGERS  J,WILLE  L,2272
ROGISTER  F,THORNBURG  K,2273
ROGISTER  F,FABINY  L,2274
ROGISTER  F,MOLLER  M,2275
THORNBURG  K,FABINY  L,2276
THORNBURG  K,MOLLER  M,2277
FABINY  L,MOLLER  M,2278
ROMANO  S,EGUIA  M,2279
ROSA  E,HESS  M,2280
ROSATO  V,BOLOGNA  S,2281
ROSATO  V,TIRITICCO  F,2282
BOLOGNA  S,TIRITICCO  F,2283
BALDWIN  J,TROTTER  R,2284
ROUGEMONT  J,HINGAMP  P,2285
ROXIN  A,RIECKE  H,2286
ROXIN  A,SOLLA  S,2287
RIECKE  H,SOLLA  S,2288
RULKOV  N,SUSHCHIK  M,2289
RULKOV  N,TSIMRING  L,2290
RULKOV  N,ABARBANEL  H,2291
SUSHCHIK  M,TSIMRING  L,2292
SUSHCHIK  M,ABARBANEL  H,2293
TSIMRING  L,ABARBANEL  H,2294
SAKAGUCHI  H,SHINOMOTO  S,2295
SANDER  L,WARREN  C,2296
SANDER  L,SIMON  C,2297
SANDER  L,KOOPMAN  J,2298
WARREN  C,SIMON  C,2299
WARREN  C,KOOPMAN  J,2300
SIMON  C,KOOPMAN  J,2301
GRANT  S,PAYNE  B,2302
GRANT  S,BADDELEY  R,2303
PAYNE  B,BADDELEY  R,2304
SCHAFER  C,ABEL  H,2305
SCHUSTER  S,PFEIFFER  T,2306
SCHUSTER  S,MOLDENHAUER  F,2307
SCHUSTER  S,KOCH  I,2308
SCHUSTER  S,DANDEKAR  T,2309
SCHUSTER  S,STELLING  J,2310
SCHUSTER  S,KLAMT  S,2311
SCHUSTER  S,BETTENBROCK  K,2312
SCHUSTER  S,GILLES  E,2313
PFEIFFER  T,MOLDENHAUER  F,2314
PFEIFFER  T,KOCH  I,2315
PFEIFFER  T,DANDEKAR  T,2316
MOLDENHAUER  F,KOCH  I,2317
MOLDENHAUER  F,DANDEKAR  T,2318
KOCH  I,DANDEKAR  T,2319
SCHWARTZ  I,BILLINGS  L,2320
SCHWARTZ  I,BOLLT  E,2321
BILLINGS  L,BOLLT  E,2322
BOLLT  E,STILWELL  D,2323
BOLLT  E,ROBERSON  D,2324
SEARY  A,RICHARDS  W,2325
BANERJEE  K,BISWAS  T,2326
DASGUPTA  S,CHATTERJEE  A,2327
DASGUPTA  S,SREERAM  P,2328
DASGUPTA  S,MUKHERJEE  G,2329
CHATTERJEE  A,SREERAM  P,2330
CHATTERJEE  A,MUKHERJEE  G,2331
SREERAM  P,MUKHERJEE  G,2332
SHARDANAND  U,MAES  P,2333
SHEFI  O,GOLDING  I,2334
SHEFI  O,SEGEV  R,2335
SHEFI  O,BENJACOB  E,2336
SHEFI  O,AYALI  A,2337
GOLDING  I,SEGEV  R,2338
GOLDING  I,BENJACOB  E,2339
GOLDING  I,AYALI  A,2340
SEGEV  R,BENJACOB  E,2341
SEGEV  R,AYALI  A,2342
BENJACOB  E,AYALI  A,2343
BENJACOB  E,CZIROK  A,2344
BENJACOB  E,COHEN  I,2345
BENJACOB  E,SHOCHET  O,2346
SHUAI  J,DURAND  D,2347
SIMARD  D,NADEAU  L,2348
SIMARD  D,KROGER  H,2349
NADEAU  L,KROGER  H,2350
SINGH  B,GUPTE  N,2351
SMITH  D,TIMBERLAKE  M,2352
SNEL  B,BORK  P,2353
SNEL  B,HUYNEN  M,2354
BORK  P,HUYNEN  M,2355
SOARES  D,TSALLIS  C,2356
SOARES  D,MARIZ  A,2357
SOARES  D,DASILVA  L,2358
TSALLIS  C,MARIZ  A,2359
TSALLIS  C,DASILVA  L,2360
TSALLIS  C,DEALBUQUERQUE  M,2361
MARIZ  A,DASILVA  L,2362
SALAZARCIUDAD  I,GARCIAFERNANDEZ  J,2363
SONG  C,MAKSE  H,2364
SONG  S,SJOSTROM  P,2365
SONG  S,REIGL  M,2366
SONG  S,NELSON  S,2367
SJOSTROM  P,REIGL  M,2368
SJOSTROM  P,NELSON  S,2369
REIGL  M,NELSON  S,2370
SPIRIN  V,MIRNY  L,2371
SPORNS  O,TONONI  G,2372
SPORNS  O,EDELMAN  G,2373
SPORNS  O,ZWI  J,2374
TONONI  G,EDELMAN  G,2375
TONONI  G,MCINTOSH  A,2376
EDELMAN  G,MCINTOSH  A,2377
STAM  C,VANPUTTEN  M,2378
AHARONY  A,ADLER  J,2379
STELLING  J,KLAMT  S,2380
STELLING  J,BETTENBROCK  K,2381
STELLING  J,GILLES  E,2382
KLAMT  S,BETTENBROCK  K,2383
KLAMT  S,GILLES  E,2384
BETTENBROCK  K,GILLES  E,2385
KAMPER  L,BOZKURT  A,2386
STEPHENSON  K,ZELEN  M,2387
STEYVERS  M,TENENBAUM  J,2388
STILLER  J,NETTLE  D,2389
STILLER  J,DUNBAR  R,2390
NETTLE  D,DUNBAR  R,2391
STILWELL  D,ROBERSON  D,2392
SZABO  G,ALAVA  M,2393
SZNAJDWERON  K,SZNAJD  J,2394
TAKAYASU  M,TAKAYASU  H,2395
TAKAYASU  M,SATO  T,2396
TAKAYASU  H,SATO  T,2397
TASS  P,WEULE  M,2398
TASS  P,VOLKMANN  J,2399
TASS  P,FREUND  H,2400
WEULE  M,VOLKMANN  J,2401
WEULE  M,FREUND  H,2402
VOLKMANN  J,FREUND  H,2403
TICOS  C,ROSAJR  E,2404
TICOS  C,PARDO  W,2405
TICOS  C,WALKENSTEIN  J,2406
TICOS  C,MONTI  M,2407
ROSAJR  E,PARDO  W,2408
ROSAJR  E,WALKENSTEIN  J,2409
ROSAJR  E,MONTI  M,2410
PARDO  W,WALKENSTEIN  J,2411
PARDO  W,MONTI  M,2412
WALKENSTEIN  J,MONTI  M,2413
TIERI  P,VALENSIN  S,2414
TIERI  P,CASTELLANI  G,2415
TIERI  P,REMONDINI  D,2416
TIERI  P,FRANCESCHI  C,2417
VALENSIN  S,CASTELLANI  G,2418
VALENSIN  S,REMONDINI  D,2419
VALENSIN  S,FRANCESCHI  C,2420
CASTELLANI  G,REMONDINI  D,2421
CASTELLANI  G,FRANCESCHI  C,2422
REMONDINI  D,FRANCESCHI  C,2423
TIMME  M,WOLF  F,2424
KOZMA  B,HENGARTNER  N,2425
KOZMA  B,KORNISS  G,2426
HENGARTNER  N,KORNISS  G,2427
TORRES  J,GARRIDO  P,2428
TSODYKS  M,KENET  T,2429
TSODYKS  M,GRINVALD  A,2430
TSODYKS  M,ARIELI  A,2431
KENET  T,GRINVALD  A,2432
KENET  T,ARIELI  A,2433
GRINVALD  A,ARIELI  A,2434
TYLER  J,WILKINSON  D,2435
TYSON  J,CSIKASZNAGE  A,2436
TYSON  J,NOVAK  B,2437
CSIKASZNAGE  A,NOVAK  B,2438
UETZ  P,CAGNEY  G,2439
UETZ  P,MANSFIELD  T,2440
UETZ  P,JUDSON  R,2441
UETZ  P,KNIGHT  J,2442
UETZ  P,LOCKSHON  D,2443
UETZ  P,NARAYAN  V,2444
UETZ  P,SRINIVASAN  M,2445
UETZ  P,POCHART  P,2446
UETZ  P,QURESHIEMILI  A,2447
UETZ  P,LI  Y,2448
UETZ  P,GODWIN  B,2449
UETZ  P,CONOVER  D,2450
UETZ  P,KALBFLEISCH  T,2451
UETZ  P,VIJAYADAMODAR  G,2452
UETZ  P,YANG  M,2453
UETZ  P,JOHNSTON  M,2454
UETZ  P,FIELDS  S,2455
UETZ  P,ROTHBERG  J,2456
UETZ  P,GLOT  L,2457
CAGNEY  G,MANSFIELD  T,2458
CAGNEY  G,JUDSON  R,2459
CAGNEY  G,KNIGHT  J,2460
CAGNEY  G,LOCKSHON  D,2461
CAGNEY  G,NARAYAN  V,2462
CAGNEY  G,SRINIVASAN  M,2463
CAGNEY  G,POCHART  P,2464
CAGNEY  G,QURESHIEMILI  A,2465
CAGNEY  G,LI  Y,2466
CAGNEY  G,GODWIN  B,2467
CAGNEY  G,CONOVER  D,2468
CAGNEY  G,KALBFLEISCH  T,2469
CAGNEY  G,VIJAYADAMODAR  G,2470
CAGNEY  G,YANG  M,2471
CAGNEY  G,JOHNSTON  M,2472
CAGNEY  G,FIELDS  S,2473
CAGNEY  G,ROTHBERG  J,2474
CAGNEY  G,GLOT  L,2475
MANSFIELD  T,JUDSON  R,2476
MANSFIELD  T,KNIGHT  J,2477
MANSFIELD  T,LOCKSHON  D,2478
MANSFIELD  T,NARAYAN  V,2479
MANSFIELD  T,SRINIVASAN  M,2480
MANSFIELD  T,POCHART  P,2481
MANSFIELD  T,QURESHIEMILI  A,2482
MANSFIELD  T,LI  Y,2483
MANSFIELD  T,GODWIN  B,2484
MANSFIELD  T,CONOVER  D,2485
MANSFIELD  T,KALBFLEISCH  T,2486
MANSFIELD  T,VIJAYADAMODAR  G,2487
MANSFIELD  T,YANG  M,2488
MANSFIELD  T,JOHNSTON  M,2489
MANSFIELD  T,FIELDS  S,2490
MANSFIELD  T,ROTHBERG  J,2491
MANSFIELD  T,GLOT  L,2492
JUDSON  R,KNIGHT  J,2493
JUDSON  R,LOCKSHON  D,2494
JUDSON  R,NARAYAN  V,2495
JUDSON  R,SRINIVASAN  M,2496
JUDSON  R,POCHART  P,2497
JUDSON  R,QURESHIEMILI  A,2498
JUDSON  R,LI  Y,2499
JUDSON  R,GODWIN  B,2500
JUDSON  R,CONOVER  D,2501
JUDSON  R,KALBFLEISCH  T,2502
JUDSON  R,VIJAYADAMODAR  G,2503
JUDSON  R,YANG  M,2504
JUDSON  R,JOHNSTON  M,2505
JUDSON  R,FIELDS  S,2506
JUDSON  R,ROTHBERG  J,2507
KNIGHT  J,LOCKSHON  D,2508
KNIGHT  J,NARAYAN  V,2509
KNIGHT  J,SRINIVASAN  M,2510
KNIGHT  J,POCHART  P,2511
KNIGHT  J,QURESHIEMILI  A,2512
KNIGHT  J,LI  Y,2513
KNIGHT  J,GODWIN  B,2514
KNIGHT  J,CONOVER  D,2515
KNIGHT  J,KALBFLEISCH  T,2516
KNIGHT  J,VIJAYADAMODAR  G,2517
KNIGHT  J,YANG  M,2518
KNIGHT  J,JOHNSTON  M,2519
KNIGHT  J,FIELDS  S,2520
KNIGHT  J,ROTHBERG  J,2521
LOCKSHON  D,NARAYAN  V,2522
LOCKSHON  D,SRINIVASAN  M,2523
LOCKSHON  D,POCHART  P,2524
LOCKSHON  D,QURESHIEMILI  A,2525
LOCKSHON  D,LI  Y,2526
LOCKSHON  D,GODWIN  B,2527
LOCKSHON  D,CONOVER  D,2528
LOCKSHON  D,KALBFLEISCH  T,2529
LOCKSHON  D,VIJAYADAMODAR  G,2530
LOCKSHON  D,YANG  M,2531
LOCKSHON  D,JOHNSTON  M,2532
LOCKSHON  D,FIELDS  S,2533
LOCKSHON  D,ROTHBERG  J,2534
NARAYAN  V,SRINIVASAN  M,2535
NARAYAN  V,POCHART  P,2536
NARAYAN  V,QURESHIEMILI  A,2537
NARAYAN  V,LI  Y,2538
NARAYAN  V,GODWIN  B,2539
NARAYAN  V,CONOVER  D,2540
NARAYAN  V,KALBFLEISCH  T,2541
NARAYAN  V,VIJAYADAMODAR  G,2542
NARAYAN  V,YANG  M,2543
NARAYAN  V,JOHNSTON  M,2544
NARAYAN  V,FIELDS  S,2545
NARAYAN  V,ROTHBERG  J,2546
SRINIVASAN  M,POCHART  P,2547
SRINIVASAN  M,QURESHIEMILI  A,2548
SRINIVASAN  M,LI  Y,2549
SRINIVASAN  M,GODWIN  B,2550
SRINIVASAN  M,CONOVER  D,2551
SRINIVASAN  M,KALBFLEISCH  T,2552
SRINIVASAN  M,VIJAYADAMODAR  G,2553
SRINIVASAN  M,YANG  M,2554
SRINIVASAN  M,JOHNSTON  M,2555
SRINIVASAN  M,FIELDS  S,2556
SRINIVASAN  M,ROTHBERG  J,2557
POCHART  P,QURESHIEMILI  A,2558
POCHART  P,LI  Y,2559
POCHART  P,GODWIN  B,2560
POCHART  P,CONOVER  D,2561
POCHART  P,KALBFLEISCH  T,2562
POCHART  P,VIJAYADAMODAR  G,2563
POCHART  P,YANG  M,2564
POCHART  P,JOHNSTON  M,2565
POCHART  P,FIELDS  S,2566
POCHART  P,ROTHBERG  J,2567
QURESHIEMILI  A,LI  Y,2568
QURESHIEMILI  A,GODWIN  B,2569
QURESHIEMILI  A,CONOVER  D,2570
QURESHIEMILI  A,KALBFLEISCH  T,2571
QURESHIEMILI  A,VIJAYADAMODAR  G,2572
QURESHIEMILI  A,YANG  M,2573
QURESHIEMILI  A,JOHNSTON  M,2574
QURESHIEMILI  A,FIELDS  S,2575
QURESHIEMILI  A,ROTHBERG  J,2576
LI  Y,GODWIN  B,2577
LI  Y,CONOVER  D,2578
LI  Y,KALBFLEISCH  T,2579
LI  Y,VIJAYADAMODAR  G,2580
LI  Y,YANG  M,2581
LI  Y,JOHNSTON  M,2582
LI  Y,FIELDS  S,2583
LI  Y,ROTHBERG  J,2584
GODWIN  B,CONOVER  D,2585
GODWIN  B,KALBFLEISCH  T,2586
GODWIN  B,VIJAYADAMODAR  G,2587
GODWIN  B,YANG  M,2588
GODWIN  B,JOHNSTON  M,2589
GODWIN  B,FIELDS  S,2590
GODWIN  B,ROTHBERG  J,2591
CONOVER  D,KALBFLEISCH  T,2592
CONOVER  D,VIJAYADAMODAR  G,2593
CONOVER  D,YANG  M,2594
CONOVER  D,JOHNSTON  M,2595
CONOVER  D,FIELDS  S,2596
CONOVER  D,ROTHBERG  J,2597
KALBFLEISCH  T,VIJAYADAMODAR  G,2598
KALBFLEISCH  T,YANG  M,2599
KALBFLEISCH  T,JOHNSTON  M,2600
KALBFLEISCH  T,FIELDS  S,2601
KALBFLEISCH  T,ROTHBERG  J,2602
VIJAYADAMODAR  G,YANG  M,2603
VIJAYADAMODAR  G,JOHNSTON  M,2604
VIJAYADAMODAR  G,FIELDS  S,2605
VIJAYADAMODAR  G,ROTHBERG  J,2606
YANG  M,JOHNSTON  M,2607
YANG  M,FIELDS  S,2608
YANG  M,ROTHBERG  J,2609
JOHNSTON  M,FIELDS  S,2610
JOHNSTON  M,ROTHBERG  J,2611
FIELDS  S,ROTHBERG  J,2612
VALENTE  T,FOREMAN  R,2613
VARELA  F,LACHAUX  J,2614
VARELA  F,RODRIGUEZ  E,2615
VARELA  F,MARTINERIE  J,2616
LACHAUX  J,RODRIGUEZ  E,2617
LACHAUX  J,MARTINERIE  J,2618
RODRIGUEZ  E,MARTINERIE  J,2619
VEZOLI  J,FALCHIER  A,2620
VEZOLI  J,KNOBLAUCH  K,2621
VEZOLI  J,KENNEDY  H,2622
FALCHIER  A,KNOBLAUCH  K,2623
FALCHIER  A,KENNEDY  H,2624
KNOBLAUCH  K,KENNEDY  H,2625
CZIROK  A,COHEN  I,2626
CZIROK  A,SHOCHET  O,2627
COHEN  I,SHOCHET  O,2628
VOGELSTEIN  B,LANE  D,2629
VOGELSTEIN  B,LEVINE  A,2630
LANE  D,LEVINE  A,2631
VOGELS  W,VANRENESSE  R,2632
VOGELS  W,BIRMAN  K,2633
VANRENESSE  R,BIRMAN  K,2634
VOLCHENKOV  D,VOLCHENKOVA  L,2635
VONNEUMANN  J,MORGENSTERN  O,2636
VRAGOVIC  I,LOUIS  E,2637
VUKADINOVIC  D,HUANG  P,2638
VUKADINOVIC  D,ERLEBACH  T,2639
HUANG  P,ERLEBACH  T,2640
VUKMIROVIC  O,TILGHMAN  S,2641
WALL  M,HIAVACEK  W,2642
WANG  B,ZHANG  F,2643
WANG  B,WANG  J,2644
WANG  B,YAN  G,2645
WANG  B,ZHOU  T,2646
WANG  B,FU  Z,2647
WANG  J,DEWILDE  P,2648
WANG  J,YAN  G,2649
WANG  J,ZHOU  T,2650
WANG  J,FU  Z,2651
WANG  S,ZHANG  C,2652
WEEKS  M,CLAIR  S,2653
WEEKS  M,RADDA  K,2654
WEEKS  M,SCHENSUL  J,2655
CLAIR  S,RADDA  K,2656
CLAIR  S,SCHENSUL  J,2657
RADDA  K,SCHENSUL  J,2658
WELLMAN  B,SALAFF  J,2659
WELLMAN  B,DIMITROVA  D,2660
WELLMAN  B,GARTON  L,2661
WELLMAN  B,GULIA  M,2662
WELLMAN  B,HAYTHORNTHWAITE  C,2663
WELLMAN  B,NAZER  N,2664
SALAFF  J,DIMITROVA  D,2665
SALAFF  J,GARTON  L,2666
SALAFF  J,GULIA  M,2667
SALAFF  J,HAYTHORNTHWAITE  C,2668
DIMITROVA  D,GARTON  L,2669
DIMITROVA  D,GULIA  M,2670
DIMITROVA  D,HAYTHORNTHWAITE  C,2671
GARTON  L,GULIA  M,2672
GARTON  L,HAYTHORNTHWAITE  C,2673
GULIA  M,HAYTHORNTHWAITE  C,2674
WEST  G,BROWN  J,2675
WEST  G,ENQUIST  B,2676
BROWN  J,ENQUIST  B,2677
SOUTHGATE  E,THOMPSON  J,2678
SOUTHGATE  E,BRENNER  S,2679
THOMPSON  J,BRENNER  S,2680
WHITTINGTON  M,TRAUB  R,2681
WHITTINGTON  M,BUHL  E,2682
TRAUB  R,BUHL  E,2683
WINFUL  H,RAHMAN  L,2684
WOOD  A,WOLLENBERG  B,2685
WU  C,CHUA  L,2686
RICE  D,SALWINSKI  L,2687
RICE  D,BARON  M,2688
SALWINSKI  L,BARON  M,2689
YANG  K,HUANG  L,2690
YANG  K,YANG  L,2691
HUANG  L,YANG  L,2692
YAN  G,ZHOU  T,2693
YAN  G,FU  Z,2694
ZHOU  T,FU  Z,2695
YAOUM  Y,LAUMANN  E,2696
YEHIA  A,JEANDUPREUX  D,2697
YEHIA  A,ALONSO  F,2698
YEHIA  A,GUEVARA  M,2699
JEANDUPREUX  D,ALONSO  F,2700
JEANDUPREUX  D,GUEVARA  M,2701
ALONSO  F,GUEVARA  M,2702
YOOK  S,TU  Y,2703
SAGER  J,CSARDI  G,2704
SAGER  J,HAGA  P,2705
CSARDI  G,HAGA  P,2706
YUSONG  T,LINGJIANG  K,2707
YUSONG  T,MUREN  L,2708
LINGJIANG  K,MUREN  L,2709
ZAKS  M,PARK  E,2710
ZASLAVER  A,MAYO  A,2711
ZASLAVER  A,ROSENBERG  R,2712
ZASLAVER  A,BASHKIN  P,2713
ZASLAVER  A,SBERRO  H,2714
ZASLAVER  A,TSALYUK  M,2715
MAYO  A,ROSENBERG  R,2716
MAYO  A,BASHKIN  P,2717
MAYO  A,SBERRO  H,2718
MAYO  A,TSALYUK  M,2719
ROSENBERG  R,BASHKIN  P,2720
ROSENBERG  R,SBERRO  H,2721
ROSENBERG  R,TSALYUK  M,2722
BASHKIN  P,SBERRO  H,2723
BASHKIN  P,TSALYUK  M,2724
SBERRO  H,TSALYUK  M,2725
ZEKRI  N,CLERC  J,2726
CERDEIRA  H,CHEN  S,2727
CERDEIRA  H,BRAUN  T,2728
CERDEIRA  H,YAO  Y,2729
CHEN  S,BRAUN  T,2730
CHEN  S,YAO  Y,2731
BRAUN  T,YAO  Y,2732
ZHENG  D,TRIMPER  S,2733
ZHENG  D,ZHENG  B,2734
ZHENG  D,HUI  P,2735
TRIMPER  S,ZHENG  B,2736
TRIMPER  S,HUI  P,2737
ZHENG  B,HUI  P,2738
ZHONGBAO  K,CHANGSHUI  Z,2739
ZHOU  S,MONDRAGON  R,2740
ZHU  H,HUANG  Z,2741
ZHU  H,ZHU  J,2742
